corpus,query_class,strategy,tokenizer,nodes,edges,tokens,latency_ms,build_ms,render_ms,update_ms,graph_json_bytes,markdown_bytes,sqlite_bytes,tokens_per_relevant_item,node_recall,edge_recall,path_recall,irrelevant_context_ratio,negative_ok,negative_direct_edge_count,retrieved_nodes,retrieved_edges,corpus_coverage
tiny_sparse,direct_lookup,full_markdown,tiktoken:cl100k_base,12,14,943,0.042,0.237,31.358,0.095,6118,2764,16384,188.6,1.0,1.0,1.0,0.75,1.0,0,12,14,1.0
tiny_sparse,direct_lookup,keyword_markdown,tiktoken:cl100k_base,12,14,31,0.463,0.237,31.358,0.095,6118,2764,16384,6.2,0.3333,0.0,1.0,0.0,1.0,0,1,0,0.0833
tiny_sparse,direct_lookup,bm25_markdown,tiktoken:cl100k_base,12,14,31,0.652,0.237,31.358,0.095,6118,2764,16384,6.2,0.3333,0.0,1.0,0.0,1.0,0,1,0,0.0833
tiny_sparse,direct_lookup,graph_1hop,tiktoken:cl100k_base,12,14,78,0.238,0.237,31.358,0.095,6118,2764,16384,15.6,1.0,1.0,1.0,0.0,1.0,0,3,2,0.25
tiny_sparse,direct_lookup,graph_1hop_lowlevel,tiktoken:cl100k_base,12,14,94,0.302,0.237,31.358,0.095,6118,2764,16384,18.8,1.0,1.0,1.0,0.0,1.0,0,3,2,0.25
tiny_sparse,direct_lookup,graph_1hop_sql,tiktoken:cl100k_base,12,14,83,0.208,0.237,31.358,0.095,6118,2764,16384,16.6,1.0,1.0,1.0,0.0,1.0,0,3,2,0.25
tiny_sparse,direct_lookup,graph_1hop_semantic_arrow,tiktoken:cl100k_base,12,14,53,0.187,0.237,31.358,0.095,6118,2764,16384,10.6,1.0,1.0,1.0,0.0,1.0,0,3,2,0.25
tiny_sparse,direct_lookup,graph_1hop_gg_max,tiktoken:cl100k_base,12,14,64,0.211,0.237,31.358,0.095,6118,2764,16384,12.8,1.0,1.0,1.0,0.0,1.0,0,3,2,0.25
tiny_sparse,direct_lookup,graph_1hop_gg_max_hybrid,tiktoken:cl100k_base,12,14,215,0.191,0.237,31.358,0.095,6118,2764,16384,43.0,1.0,1.0,1.0,0.0,1.0,0,3,2,0.25
tiny_sparse,direct_lookup,graph_2hop,tiktoken:cl100k_base,12,14,151,0.175,0.237,31.358,0.095,6118,2764,16384,30.2,1.0,1.0,1.0,0.4,1.0,0,5,5,0.4167
tiny_sparse,direct_lookup,graph_2hop_lowlevel,tiktoken:cl100k_base,12,14,147,0.192,0.237,31.358,0.095,6118,2764,16384,29.4,1.0,1.0,1.0,0.4,1.0,0,5,5,0.4167
tiny_sparse,direct_lookup,graph_2hop_sql,tiktoken:cl100k_base,12,14,153,0.168,0.237,31.358,0.095,6118,2764,16384,30.6,1.0,1.0,1.0,0.4,1.0,0,5,5,0.4167
tiny_sparse,direct_lookup,graph_2hop_semantic_arrow,tiktoken:cl100k_base,12,14,109,0.145,0.237,31.358,0.095,6118,2764,16384,21.8,1.0,1.0,1.0,0.4,1.0,0,5,5,0.4167
tiny_sparse,direct_lookup,graph_2hop_gg_max,tiktoken:cl100k_base,12,14,102,0.189,0.237,31.358,0.095,6118,2764,16384,20.4,1.0,1.0,1.0,0.4,1.0,0,5,5,0.4167
tiny_sparse,direct_lookup,graph_2hop_gg_max_hybrid,tiktoken:cl100k_base,12,14,360,0.209,0.237,31.358,0.095,6118,2764,16384,72.0,1.0,1.0,1.0,0.4,1.0,0,5,5,0.4167
tiny_sparse,direct_lookup,graph_keyword_hybrid,tiktoken:cl100k_base,12,14,205,0.527,0.237,31.358,0.095,6118,2764,16384,41.0,1.0,1.0,1.0,0.0,1.0,0,3,2,0.25
tiny_sparse,direct_lookup,hierarchical_summary,tiktoken:cl100k_base,12,14,29,0.264,0.237,31.358,0.095,6118,2764,16384,5.8,0.3333,0.0,1.0,0.0,1.0,0,1,0,0.0833
tiny_sparse,reverse_lookup,full_markdown,tiktoken:cl100k_base,12,14,943,0.038,0.237,31.358,0.095,6118,2764,16384,314.333,1.0,1.0,1.0,0.8333,1.0,0,12,14,1.0
tiny_sparse,reverse_lookup,keyword_markdown,tiktoken:cl100k_base,12,14,31,0.396,0.237,31.358,0.095,6118,2764,16384,10.333,0.5,0.0,1.0,0.0,1.0,0,1,0,0.0833
tiny_sparse,reverse_lookup,bm25_markdown,tiktoken:cl100k_base,12,14,31,0.161,0.237,31.358,0.095,6118,2764,16384,10.333,0.5,0.0,1.0,0.0,1.0,0,1,0,0.0833
tiny_sparse,reverse_lookup,graph_1hop,tiktoken:cl100k_base,12,14,78,0.193,0.237,31.358,0.095,6118,2764,16384,26.0,1.0,1.0,1.0,0.3333,1.0,0,3,2,0.25
tiny_sparse,reverse_lookup,graph_1hop_lowlevel,tiktoken:cl100k_base,12,14,94,0.172,0.237,31.358,0.095,6118,2764,16384,31.333,1.0,1.0,1.0,0.3333,1.0,0,3,2,0.25
tiny_sparse,reverse_lookup,graph_1hop_sql,tiktoken:cl100k_base,12,14,84,0.192,0.237,31.358,0.095,6118,2764,16384,28.0,1.0,1.0,1.0,0.3333,1.0,0,3,2,0.25
tiny_sparse,reverse_lookup,graph_1hop_semantic_arrow,tiktoken:cl100k_base,12,14,53,0.171,0.237,31.358,0.095,6118,2764,16384,17.667,1.0,1.0,1.0,0.3333,1.0,0,3,2,0.25
tiny_sparse,reverse_lookup,graph_1hop_gg_max,tiktoken:cl100k_base,12,14,64,0.175,0.237,31.358,0.095,6118,2764,16384,21.333,1.0,1.0,1.0,0.3333,1.0,0,3,2,0.25
tiny_sparse,reverse_lookup,graph_1hop_gg_max_hybrid,tiktoken:cl100k_base,12,14,215,0.184,0.237,31.358,0.095,6118,2764,16384,71.667,1.0,1.0,1.0,0.3333,1.0,0,3,2,0.25
tiny_sparse,reverse_lookup,graph_2hop,tiktoken:cl100k_base,12,14,151,0.151,0.237,31.358,0.095,6118,2764,16384,50.333,1.0,1.0,1.0,0.6,1.0,0,5,5,0.4167
tiny_sparse,reverse_lookup,graph_2hop_lowlevel,tiktoken:cl100k_base,12,14,147,0.182,0.237,31.358,0.095,6118,2764,16384,49.0,1.0,1.0,1.0,0.6,1.0,0,5,5,0.4167
tiny_sparse,reverse_lookup,graph_2hop_sql,tiktoken:cl100k_base,12,14,153,0.188,0.237,31.358,0.095,6118,2764,16384,51.0,1.0,1.0,1.0,0.6,1.0,0,5,5,0.4167
tiny_sparse,reverse_lookup,graph_2hop_semantic_arrow,tiktoken:cl100k_base,12,14,109,0.266,0.237,31.358,0.095,6118,2764,16384,36.333,1.0,1.0,1.0,0.6,1.0,0,5,5,0.4167
tiny_sparse,reverse_lookup,graph_2hop_gg_max,tiktoken:cl100k_base,12,14,102,0.168,0.237,31.358,0.095,6118,2764,16384,34.0,1.0,1.0,1.0,0.6,1.0,0,5,5,0.4167
tiny_sparse,reverse_lookup,graph_2hop_gg_max_hybrid,tiktoken:cl100k_base,12,14,360,0.166,0.237,31.358,0.095,6118,2764,16384,120.0,1.0,1.0,1.0,0.6,1.0,0,5,5,0.4167
tiny_sparse,reverse_lookup,graph_keyword_hybrid,tiktoken:cl100k_base,12,14,205,0.279,0.237,31.358,0.095,6118,2764,16384,68.333,1.0,1.0,1.0,0.3333,1.0,0,3,2,0.25
tiny_sparse,reverse_lookup,hierarchical_summary,tiktoken:cl100k_base,12,14,29,0.17,0.237,31.358,0.095,6118,2764,16384,9.667,0.5,0.0,1.0,0.0,1.0,0,1,0,0.0833
tiny_sparse,multi_hop_path,full_markdown,tiktoken:cl100k_base,12,14,943,0.044,0.237,31.358,0.095,6118,2764,16384,104.778,1.0,1.0,1.0,0.5833,1.0,0,12,14,1.0
tiny_sparse,multi_hop_path,keyword_markdown,tiktoken:cl100k_base,12,14,57,0.229,0.237,31.358,0.095,6118,2764,16384,6.333,0.4,0.0,0.4,0.0,1.0,0,2,0,0.1667
tiny_sparse,multi_hop_path,bm25_markdown,tiktoken:cl100k_base,12,14,57,0.316,0.237,31.358,0.095,6118,2764,16384,6.333,0.4,0.0,0.4,0.0,1.0,0,2,0,0.1667
tiny_sparse,multi_hop_path,graph_1hop,tiktoken:cl100k_base,12,14,151,0.209,0.237,31.358,0.095,6118,2764,16384,16.778,0.8,0.5,0.8,0.3333,1.0,0,6,4,0.5
tiny_sparse,multi_hop_path,graph_1hop_lowlevel,tiktoken:cl100k_base,12,14,141,0.188,0.237,31.358,0.095,6118,2764,16384,15.667,0.8,0.5,0.8,0.3333,1.0,0,6,4,0.5
tiny_sparse,multi_hop_path,graph_1hop_sql,tiktoken:cl100k_base,12,14,153,0.15,0.237,31.358,0.095,6118,2764,16384,17.0,0.8,0.5,0.8,0.3333,1.0,0,6,4,0.5
tiny_sparse,multi_hop_path,graph_1hop_semantic_arrow,tiktoken:cl100k_base,12,14,103,0.146,0.237,31.358,0.095,6118,2764,16384,11.444,0.8,0.5,0.8,0.3333,1.0,0,6,4,0.5
tiny_sparse,multi_hop_path,graph_1hop_gg_max,tiktoken:cl100k_base,12,14,96,0.169,0.237,31.358,0.095,6118,2764,16384,10.667,0.8,0.5,0.8,0.3333,1.0,0,6,4,0.5
tiny_sparse,multi_hop_path,graph_1hop_gg_max_hybrid,tiktoken:cl100k_base,12,14,405,0.152,0.237,31.358,0.095,6118,2764,16384,45.0,0.8,0.5,0.8,0.3333,1.0,0,6,4,0.5
tiny_sparse,multi_hop_path,graph_2hop,tiktoken:cl100k_base,12,14,283,0.162,0.237,31.358,0.095,6118,2764,16384,31.444,1.0,1.0,1.0,0.4444,1.0,0,9,10,0.75
tiny_sparse,multi_hop_path,graph_2hop_lowlevel,tiktoken:cl100k_base,12,14,241,0.165,0.237,31.358,0.095,6118,2764,16384,26.778,1.0,1.0,1.0,0.4444,1.0,0,9,10,0.75
tiny_sparse,multi_hop_path,graph_2hop_sql,tiktoken:cl100k_base,12,14,279,0.159,0.237,31.358,0.095,6118,2764,16384,31.0,1.0,1.0,1.0,0.4444,1.0,0,9,10,0.75
tiny_sparse,multi_hop_path,graph_2hop_semantic_arrow,tiktoken:cl100k_base,12,14,209,0.189,0.237,31.358,0.095,6118,2764,16384,23.222,1.0,1.0,1.0,0.4444,1.0,0,9,10,0.75
tiny_sparse,multi_hop_path,graph_2hop_gg_max,tiktoken:cl100k_base,12,14,169,0.177,0.237,31.358,0.095,6118,2764,16384,18.778,1.0,1.0,1.0,0.4444,1.0,0,9,10,0.75
tiny_sparse,multi_hop_path,graph_2hop_gg_max_hybrid,tiktoken:cl100k_base,12,14,642,0.198,0.237,31.358,0.095,6118,2764,16384,71.333,1.0,1.0,1.0,0.4444,1.0,0,9,10,0.75
tiny_sparse,multi_hop_path,graph_keyword_hybrid,tiktoken:cl100k_base,12,14,412,0.318,0.237,31.358,0.095,6118,2764,16384,45.778,0.8,0.5,0.8,0.3333,1.0,0,6,4,0.5
tiny_sparse,multi_hop_path,hierarchical_summary,tiktoken:cl100k_base,12,14,54,0.165,0.237,31.358,0.095,6118,2764,16384,6.0,0.4,0.0,0.4,0.0,1.0,0,2,0,0.1667
tiny_sparse,blast_radius,full_markdown,tiktoken:cl100k_base,12,14,943,0.023,0.237,31.358,0.095,6118,2764,16384,94.3,1.0,1.0,1.0,0.5833,1.0,0,12,14,1.0
tiny_sparse,blast_radius,keyword_markdown,tiktoken:cl100k_base,12,14,31,0.15,0.237,31.358,0.095,6118,2764,16384,3.1,0.2,0.0,1.0,0.0,1.0,0,1,0,0.0833
tiny_sparse,blast_radius,bm25_markdown,tiktoken:cl100k_base,12,14,31,0.186,0.237,31.358,0.095,6118,2764,16384,3.1,0.2,0.0,1.0,0.0,1.0,0,1,0,0.0833
tiny_sparse,blast_radius,graph_1hop,tiktoken:cl100k_base,12,14,78,0.286,0.237,31.358,0.095,6118,2764,16384,7.8,0.6,0.4,1.0,0.0,1.0,0,3,2,0.25
tiny_sparse,blast_radius,graph_1hop_lowlevel,tiktoken:cl100k_base,12,14,94,0.179,0.237,31.358,0.095,6118,2764,16384,9.4,0.6,0.4,1.0,0.0,1.0,0,3,2,0.25
tiny_sparse,blast_radius,graph_1hop_sql,tiktoken:cl100k_base,12,14,83,0.166,0.237,31.358,0.095,6118,2764,16384,8.3,0.6,0.4,1.0,0.0,1.0,0,3,2,0.25
tiny_sparse,blast_radius,graph_1hop_semantic_arrow,tiktoken:cl100k_base,12,14,53,0.158,0.237,31.358,0.095,6118,2764,16384,5.3,0.6,0.4,1.0,0.0,1.0,0,3,2,0.25
tiny_sparse,blast_radius,graph_1hop_gg_max,tiktoken:cl100k_base,12,14,64,0.205,0.237,31.358,0.095,6118,2764,16384,6.4,0.6,0.4,1.0,0.0,1.0,0,3,2,0.25
tiny_sparse,blast_radius,graph_1hop_gg_max_hybrid,tiktoken:cl100k_base,12,14,215,0.187,0.237,31.358,0.095,6118,2764,16384,21.5,0.6,0.4,1.0,0.0,1.0,0,3,2,0.25
tiny_sparse,blast_radius,graph_2hop,tiktoken:cl100k_base,12,14,151,0.165,0.237,31.358,0.095,6118,2764,16384,15.1,1.0,1.0,1.0,0.0,1.0,0,5,5,0.4167
tiny_sparse,blast_radius,graph_2hop_lowlevel,tiktoken:cl100k_base,12,14,147,0.177,0.237,31.358,0.095,6118,2764,16384,14.7,1.0,1.0,1.0,0.0,1.0,0,5,5,0.4167
tiny_sparse,blast_radius,graph_2hop_sql,tiktoken:cl100k_base,12,14,153,0.191,0.237,31.358,0.095,6118,2764,16384,15.3,1.0,1.0,1.0,0.0,1.0,0,5,5,0.4167
tiny_sparse,blast_radius,graph_2hop_semantic_arrow,tiktoken:cl100k_base,12,14,109,0.238,0.237,31.358,0.095,6118,2764,16384,10.9,1.0,1.0,1.0,0.0,1.0,0,5,5,0.4167
tiny_sparse,blast_radius,graph_2hop_gg_max,tiktoken:cl100k_base,12,14,102,0.208,0.237,31.358,0.095,6118,2764,16384,10.2,1.0,1.0,1.0,0.0,1.0,0,5,5,0.4167
tiny_sparse,blast_radius,graph_2hop_gg_max_hybrid,tiktoken:cl100k_base,12,14,360,0.312,0.237,31.358,0.095,6118,2764,16384,36.0,1.0,1.0,1.0,0.0,1.0,0,5,5,0.4167
tiny_sparse,blast_radius,graph_keyword_hybrid,tiktoken:cl100k_base,12,14,205,0.549,0.237,31.358,0.095,6118,2764,16384,20.5,0.6,0.4,1.0,0.0,1.0,0,3,2,0.25
tiny_sparse,blast_radius,hierarchical_summary,tiktoken:cl100k_base,12,14,29,0.338,0.237,31.358,0.095,6118,2764,16384,2.9,0.2,0.0,1.0,0.0,1.0,0,1,0,0.0833
tiny_sparse,subsystem_summary,full_markdown,tiktoken:cl100k_base,12,14,943,0.052,0.237,31.358,0.095,6118,2764,16384,188.6,1.0,1.0,1.0,0.75,1.0,0,12,14,1.0
tiny_sparse,subsystem_summary,keyword_markdown,tiktoken:cl100k_base,12,14,353,0.261,0.237,31.358,0.095,6118,2764,16384,70.6,1.0,1.0,1.0,0.625,1.0,0,8,8,0.6667
tiny_sparse,subsystem_summary,bm25_markdown,tiktoken:cl100k_base,12,14,353,0.19,0.237,31.358,0.095,6118,2764,16384,70.6,1.0,1.0,1.0,0.625,1.0,0,8,8,0.6667
tiny_sparse,subsystem_summary,graph_1hop,tiktoken:cl100k_base,12,14,255,0.186,0.237,31.358,0.095,6118,2764,16384,51.0,1.0,1.0,1.0,0.6667,1.0,0,9,7,0.75
tiny_sparse,subsystem_summary,graph_1hop_lowlevel,tiktoken:cl100k_base,12,14,208,0.204,0.237,31.358,0.095,6118,2764,16384,41.6,1.0,1.0,1.0,0.6667,1.0,0,9,7,0.75
tiny_sparse,subsystem_summary,graph_1hop_sql,tiktoken:cl100k_base,12,14,253,0.191,0.237,31.358,0.095,6118,2764,16384,50.6,1.0,1.0,1.0,0.6667,1.0,0,9,7,0.75
tiny_sparse,subsystem_summary,graph_1hop_semantic_arrow,tiktoken:cl100k_base,12,14,172,0.176,0.237,31.358,0.095,6118,2764,16384,34.4,1.0,1.0,1.0,0.6667,1.0,0,9,7,0.75
tiny_sparse,subsystem_summary,graph_1hop_gg_max,tiktoken:cl100k_base,12,14,145,0.687,0.237,31.358,0.095,6118,2764,16384,29.0,1.0,1.0,1.0,0.6667,1.0,0,9,7,0.75
tiny_sparse,subsystem_summary,graph_1hop_gg_max_hybrid,tiktoken:cl100k_base,12,14,643,0.363,0.237,31.358,0.095,6118,2764,16384,128.6,1.0,1.0,1.0,0.6667,1.0,0,9,7,0.75
tiny_sparse,subsystem_summary,graph_2hop,tiktoken:cl100k_base,12,14,381,0.348,0.237,31.358,0.095,6118,2764,16384,76.2,1.0,1.0,1.0,0.75,1.0,0,12,13,1.0
tiny_sparse,subsystem_summary,graph_2hop_lowlevel,tiktoken:cl100k_base,12,14,305,0.283,0.237,31.358,0.095,6118,2764,16384,61.0,1.0,1.0,1.0,0.75,1.0,0,12,13,1.0
tiny_sparse,subsystem_summary,graph_2hop_sql,tiktoken:cl100k_base,12,14,372,0.251,0.237,31.358,0.095,6118,2764,16384,74.4,1.0,1.0,1.0,0.75,1.0,0,12,13,1.0
tiny_sparse,subsystem_summary,graph_2hop_semantic_arrow,tiktoken:cl100k_base,12,14,276,0.223,0.237,31.358,0.095,6118,2764,16384,55.2,1.0,1.0,1.0,0.75,1.0,0,12,13,1.0
tiny_sparse,subsystem_summary,graph_2hop_gg_max,tiktoken:cl100k_base,12,14,215,0.303,0.237,31.358,0.095,6118,2764,16384,43.0,1.0,1.0,1.0,0.75,1.0,0,12,13,1.0
tiny_sparse,subsystem_summary,graph_2hop_gg_max_hybrid,tiktoken:cl100k_base,12,14,864,0.248,0.237,31.358,0.095,6118,2764,16384,172.8,1.0,1.0,1.0,0.75,1.0,0,12,13,1.0
tiny_sparse,subsystem_summary,graph_keyword_hybrid,tiktoken:cl100k_base,12,14,759,0.32,0.237,31.358,0.095,6118,2764,16384,151.8,1.0,1.0,1.0,0.7,1.0,0,10,9,0.8333
tiny_sparse,subsystem_summary,hierarchical_summary,tiktoken:cl100k_base,12,14,220,0.26,0.237,31.358,0.095,6118,2764,16384,44.0,1.0,1.0,1.0,0.5,1.0,0,6,5,0.5
tiny_sparse,negative_query,full_markdown,tiktoken:cl100k_base,12,14,943,0.045,0.237,31.358,0.095,6118,2764,16384,471.5,1.0,1.0,1.0,0.8333,1.0,0,12,14,1.0
tiny_sparse,negative_query,keyword_markdown,tiktoken:cl100k_base,12,14,61,0.137,0.237,31.358,0.095,6118,2764,16384,30.5,1.0,1.0,1.0,0.0,1.0,0,2,0,0.1667
tiny_sparse,negative_query,bm25_markdown,tiktoken:cl100k_base,12,14,61,0.227,0.237,31.358,0.095,6118,2764,16384,30.5,1.0,1.0,1.0,0.0,1.0,0,2,0,0.1667
tiny_sparse,negative_query,graph_1hop,tiktoken:cl100k_base,12,14,131,0.231,0.237,31.358,0.095,6118,2764,16384,65.5,1.0,1.0,1.0,0.6,1.0,0,5,3,0.4167
tiny_sparse,negative_query,graph_1hop_lowlevel,tiktoken:cl100k_base,12,14,124,0.191,0.237,31.358,0.095,6118,2764,16384,62.0,1.0,1.0,1.0,0.6,1.0,0,5,3,0.4167
tiny_sparse,negative_query,graph_1hop_sql,tiktoken:cl100k_base,12,14,134,0.176,0.237,31.358,0.095,6118,2764,16384,67.0,1.0,1.0,1.0,0.6,1.0,0,5,3,0.4167
tiny_sparse,negative_query,graph_1hop_semantic_arrow,tiktoken:cl100k_base,12,14,84,0.181,0.237,31.358,0.095,6118,2764,16384,42.0,1.0,1.0,1.0,0.6,1.0,0,5,3,0.4167
tiny_sparse,negative_query,graph_1hop_gg_max,tiktoken:cl100k_base,12,14,85,0.164,0.237,31.358,0.095,6118,2764,16384,42.5,1.0,1.0,1.0,0.6,1.0,0,5,3,0.4167
tiny_sparse,negative_query,graph_1hop_gg_max_hybrid,tiktoken:cl100k_base,12,14,355,0.213,0.237,31.358,0.095,6118,2764,16384,177.5,1.0,1.0,1.0,0.6,1.0,0,5,3,0.4167
tiny_sparse,negative_query,graph_2hop,tiktoken:cl100k_base,12,14,235,0.246,0.237,31.358,0.095,6118,2764,16384,117.5,1.0,1.0,1.0,0.75,1.0,0,8,7,0.6667
tiny_sparse,negative_query,graph_2hop_lowlevel,tiktoken:cl100k_base,12,14,198,0.272,0.237,31.358,0.095,6118,2764,16384,99.0,1.0,1.0,1.0,0.75,1.0,0,8,7,0.6667
tiny_sparse,negative_query,graph_2hop_sql,tiktoken:cl100k_base,12,14,233,0.285,0.237,31.358,0.095,6118,2764,16384,116.5,1.0,1.0,1.0,0.75,1.0,0,8,7,0.6667
tiny_sparse,negative_query,graph_2hop_semantic_arrow,tiktoken:cl100k_base,12,14,162,0.222,0.237,31.358,0.095,6118,2764,16384,81.0,1.0,1.0,1.0,0.75,1.0,0,8,7,0.6667
tiny_sparse,negative_query,graph_2hop_gg_max,tiktoken:cl100k_base,12,14,138,0.182,0.237,31.358,0.095,6118,2764,16384,69.0,1.0,1.0,1.0,0.75,1.0,0,8,7,0.6667
tiny_sparse,negative_query,graph_2hop_gg_max_hybrid,tiktoken:cl100k_base,12,14,572,0.202,0.237,31.358,0.095,6118,2764,16384,286.0,1.0,1.0,1.0,0.75,1.0,0,8,7,0.6667
tiny_sparse,negative_query,graph_keyword_hybrid,tiktoken:cl100k_base,12,14,354,0.411,0.237,31.358,0.095,6118,2764,16384,177.0,1.0,1.0,1.0,0.6,1.0,0,5,3,0.4167
tiny_sparse,negative_query,hierarchical_summary,tiktoken:cl100k_base,12,14,56,0.187,0.237,31.358,0.095,6118,2764,16384,28.0,1.0,1.0,1.0,0.0,1.0,0,2,0,0.1667
small_sparse,direct_lookup,full_markdown,tiktoken:cl100k_base,80,107,7054,0.12,0.715,63.692,0.13,44966,20891,40960,1410.8,1.0,1.0,1.0,0.9625,1.0,0,80,107,1.0
small_sparse,direct_lookup,keyword_markdown,tiktoken:cl100k_base,80,107,31,0.851,0.715,63.692,0.13,44966,20891,40960,6.2,0.3333,0.0,1.0,0.0,1.0,0,1,0,0.0125
small_sparse,direct_lookup,bm25_markdown,tiktoken:cl100k_base,80,107,31,0.822,0.715,63.692,0.13,44966,20891,40960,6.2,0.3333,0.0,1.0,0.0,1.0,0,1,0,0.0125
small_sparse,direct_lookup,graph_1hop,tiktoken:cl100k_base,80,107,78,0.875,0.715,63.692,0.13,44966,20891,40960,15.6,1.0,1.0,1.0,0.0,1.0,0,3,2,0.0375
small_sparse,direct_lookup,graph_1hop_lowlevel,tiktoken:cl100k_base,80,107,94,1.603,0.715,63.692,0.13,44966,20891,40960,18.8,1.0,1.0,1.0,0.0,1.0,0,3,2,0.0375
small_sparse,direct_lookup,graph_1hop_sql,tiktoken:cl100k_base,80,107,83,0.791,0.715,63.692,0.13,44966,20891,40960,16.6,1.0,1.0,1.0,0.0,1.0,0,3,2,0.0375
small_sparse,direct_lookup,graph_1hop_semantic_arrow,tiktoken:cl100k_base,80,107,53,0.82,0.715,63.692,0.13,44966,20891,40960,10.6,1.0,1.0,1.0,0.0,1.0,0,3,2,0.0375
small_sparse,direct_lookup,graph_1hop_gg_max,tiktoken:cl100k_base,80,107,64,0.798,0.715,63.692,0.13,44966,20891,40960,12.8,1.0,1.0,1.0,0.0,1.0,0,3,2,0.0375
small_sparse,direct_lookup,graph_1hop_gg_max_hybrid,tiktoken:cl100k_base,80,107,215,0.832,0.715,63.692,0.13,44966,20891,40960,43.0,1.0,1.0,1.0,0.0,1.0,0,3,2,0.0375
small_sparse,direct_lookup,graph_2hop,tiktoken:cl100k_base,80,107,151,0.925,0.715,63.692,0.13,44966,20891,40960,30.2,1.0,1.0,1.0,0.4,1.0,0,5,5,0.0625
small_sparse,direct_lookup,graph_2hop_lowlevel,tiktoken:cl100k_base,80,107,147,1.104,0.715,63.692,0.13,44966,20891,40960,29.4,1.0,1.0,1.0,0.4,1.0,0,5,5,0.0625
small_sparse,direct_lookup,graph_2hop_sql,tiktoken:cl100k_base,80,107,153,1.859,0.715,63.692,0.13,44966,20891,40960,30.6,1.0,1.0,1.0,0.4,1.0,0,5,5,0.0625
small_sparse,direct_lookup,graph_2hop_semantic_arrow,tiktoken:cl100k_base,80,107,109,1.069,0.715,63.692,0.13,44966,20891,40960,21.8,1.0,1.0,1.0,0.4,1.0,0,5,5,0.0625
small_sparse,direct_lookup,graph_2hop_gg_max,tiktoken:cl100k_base,80,107,102,1.445,0.715,63.692,0.13,44966,20891,40960,20.4,1.0,1.0,1.0,0.4,1.0,0,5,5,0.0625
small_sparse,direct_lookup,graph_2hop_gg_max_hybrid,tiktoken:cl100k_base,80,107,360,1.25,0.715,63.692,0.13,44966,20891,40960,72.0,1.0,1.0,1.0,0.4,1.0,0,5,5,0.0625
small_sparse,direct_lookup,graph_keyword_hybrid,tiktoken:cl100k_base,80,107,205,1.579,0.715,63.692,0.13,44966,20891,40960,41.0,1.0,1.0,1.0,0.0,1.0,0,3,2,0.0375
small_sparse,direct_lookup,hierarchical_summary,tiktoken:cl100k_base,80,107,29,0.922,0.715,63.692,0.13,44966,20891,40960,5.8,0.3333,0.0,1.0,0.0,1.0,0,1,0,0.0125
small_sparse,reverse_lookup,full_markdown,tiktoken:cl100k_base,80,107,7054,0.165,0.715,63.692,0.13,44966,20891,40960,2351.333,1.0,1.0,1.0,0.975,1.0,0,80,107,1.0
small_sparse,reverse_lookup,keyword_markdown,tiktoken:cl100k_base,80,107,31,1.25,0.715,63.692,0.13,44966,20891,40960,10.333,0.5,0.0,1.0,0.0,1.0,0,1,0,0.0125
small_sparse,reverse_lookup,bm25_markdown,tiktoken:cl100k_base,80,107,31,0.828,0.715,63.692,0.13,44966,20891,40960,10.333,0.5,0.0,1.0,0.0,1.0,0,1,0,0.0125
small_sparse,reverse_lookup,graph_1hop,tiktoken:cl100k_base,80,107,78,0.85,0.715,63.692,0.13,44966,20891,40960,26.0,1.0,1.0,1.0,0.3333,1.0,0,3,2,0.0375
small_sparse,reverse_lookup,graph_1hop_lowlevel,tiktoken:cl100k_base,80,107,94,0.849,0.715,63.692,0.13,44966,20891,40960,31.333,1.0,1.0,1.0,0.3333,1.0,0,3,2,0.0375
small_sparse,reverse_lookup,graph_1hop_sql,tiktoken:cl100k_base,80,107,84,0.798,0.715,63.692,0.13,44966,20891,40960,28.0,1.0,1.0,1.0,0.3333,1.0,0,3,2,0.0375
small_sparse,reverse_lookup,graph_1hop_semantic_arrow,tiktoken:cl100k_base,80,107,53,0.783,0.715,63.692,0.13,44966,20891,40960,17.667,1.0,1.0,1.0,0.3333,1.0,0,3,2,0.0375
small_sparse,reverse_lookup,graph_1hop_gg_max,tiktoken:cl100k_base,80,107,64,0.877,0.715,63.692,0.13,44966,20891,40960,21.333,1.0,1.0,1.0,0.3333,1.0,0,3,2,0.0375
small_sparse,reverse_lookup,graph_1hop_gg_max_hybrid,tiktoken:cl100k_base,80,107,215,0.808,0.715,63.692,0.13,44966,20891,40960,71.667,1.0,1.0,1.0,0.3333,1.0,0,3,2,0.0375
small_sparse,reverse_lookup,graph_2hop,tiktoken:cl100k_base,80,107,122,0.843,0.715,63.692,0.13,44966,20891,40960,40.667,1.0,1.0,1.0,0.5,1.0,0,4,4,0.05
small_sparse,reverse_lookup,graph_2hop_lowlevel,tiktoken:cl100k_base,80,107,127,0.847,0.715,63.692,0.13,44966,20891,40960,42.333,1.0,1.0,1.0,0.5,1.0,0,4,4,0.05
small_sparse,reverse_lookup,graph_2hop_sql,tiktoken:cl100k_base,80,107,125,0.86,0.715,63.692,0.13,44966,20891,40960,41.667,1.0,1.0,1.0,0.5,1.0,0,4,4,0.05
small_sparse,reverse_lookup,graph_2hop_semantic_arrow,tiktoken:cl100k_base,80,107,88,0.78,0.715,63.692,0.13,44966,20891,40960,29.333,1.0,1.0,1.0,0.5,1.0,0,4,4,0.05
small_sparse,reverse_lookup,graph_2hop_gg_max,tiktoken:cl100k_base,80,107,88,0.862,0.715,63.692,0.13,44966,20891,40960,29.333,1.0,1.0,1.0,0.5,1.0,0,4,4,0.05
small_sparse,reverse_lookup,graph_2hop_gg_max_hybrid,tiktoken:cl100k_base,80,107,292,0.803,0.715,63.692,0.13,44966,20891,40960,97.333,1.0,1.0,1.0,0.5,1.0,0,4,4,0.05
small_sparse,reverse_lookup,graph_keyword_hybrid,tiktoken:cl100k_base,80,107,205,1.534,0.715,63.692,0.13,44966,20891,40960,68.333,1.0,1.0,1.0,0.3333,1.0,0,3,2,0.0375
small_sparse,reverse_lookup,hierarchical_summary,tiktoken:cl100k_base,80,107,29,0.783,0.715,63.692,0.13,44966,20891,40960,9.667,0.5,0.0,1.0,0.0,1.0,0,1,0,0.0125
small_sparse,multi_hop_path,full_markdown,tiktoken:cl100k_base,80,107,7054,0.113,0.715,63.692,0.13,44966,20891,40960,783.778,1.0,1.0,1.0,0.9375,1.0,0,80,107,1.0
small_sparse,multi_hop_path,keyword_markdown,tiktoken:cl100k_base,80,107,57,0.747,0.715,63.692,0.13,44966,20891,40960,6.333,0.4,0.0,0.4,0.0,1.0,0,2,0,0.025
small_sparse,multi_hop_path,bm25_markdown,tiktoken:cl100k_base,80,107,57,0.786,0.715,63.692,0.13,44966,20891,40960,6.333,0.4,0.0,0.4,0.0,1.0,0,2,0,0.025
small_sparse,multi_hop_path,graph_1hop,tiktoken:cl100k_base,80,107,151,0.811,0.715,63.692,0.13,44966,20891,40960,16.778,0.8,0.5,0.8,0.3333,1.0,0,6,4,0.075
small_sparse,multi_hop_path,graph_1hop_lowlevel,tiktoken:cl100k_base,80,107,141,0.885,0.715,63.692,0.13,44966,20891,40960,15.667,0.8,0.5,0.8,0.3333,1.0,0,6,4,0.075
small_sparse,multi_hop_path,graph_1hop_sql,tiktoken:cl100k_base,80,107,153,0.909,0.715,63.692,0.13,44966,20891,40960,17.0,0.8,0.5,0.8,0.3333,1.0,0,6,4,0.075
small_sparse,multi_hop_path,graph_1hop_semantic_arrow,tiktoken:cl100k_base,80,107,103,0.857,0.715,63.692,0.13,44966,20891,40960,11.444,0.8,0.5,0.8,0.3333,1.0,0,6,4,0.075
small_sparse,multi_hop_path,graph_1hop_gg_max,tiktoken:cl100k_base,80,107,96,0.78,0.715,63.692,0.13,44966,20891,40960,10.667,0.8,0.5,0.8,0.3333,1.0,0,6,4,0.075
small_sparse,multi_hop_path,graph_1hop_gg_max_hybrid,tiktoken:cl100k_base,80,107,405,0.722,0.715,63.692,0.13,44966,20891,40960,45.0,0.8,0.5,0.8,0.3333,1.0,0,6,4,0.075
small_sparse,multi_hop_path,graph_2hop,tiktoken:cl100k_base,80,107,283,0.846,0.715,63.692,0.13,44966,20891,40960,31.444,1.0,1.0,1.0,0.4444,1.0,0,9,10,0.1125
small_sparse,multi_hop_path,graph_2hop_lowlevel,tiktoken:cl100k_base,80,107,241,0.837,0.715,63.692,0.13,44966,20891,40960,26.778,1.0,1.0,1.0,0.4444,1.0,0,9,10,0.1125
small_sparse,multi_hop_path,graph_2hop_sql,tiktoken:cl100k_base,80,107,279,1.024,0.715,63.692,0.13,44966,20891,40960,31.0,1.0,1.0,1.0,0.4444,1.0,0,9,10,0.1125
small_sparse,multi_hop_path,graph_2hop_semantic_arrow,tiktoken:cl100k_base,80,107,209,1.613,0.715,63.692,0.13,44966,20891,40960,23.222,1.0,1.0,1.0,0.4444,1.0,0,9,10,0.1125
small_sparse,multi_hop_path,graph_2hop_gg_max,tiktoken:cl100k_base,80,107,169,0.769,0.715,63.692,0.13,44966,20891,40960,18.778,1.0,1.0,1.0,0.4444,1.0,0,9,10,0.1125
small_sparse,multi_hop_path,graph_2hop_gg_max_hybrid,tiktoken:cl100k_base,80,107,642,0.8,0.715,63.692,0.13,44966,20891,40960,71.333,1.0,1.0,1.0,0.4444,1.0,0,9,10,0.1125
small_sparse,multi_hop_path,graph_keyword_hybrid,tiktoken:cl100k_base,80,107,412,2.185,0.715,63.692,0.13,44966,20891,40960,45.778,0.8,0.5,0.8,0.3333,1.0,0,6,4,0.075
small_sparse,multi_hop_path,hierarchical_summary,tiktoken:cl100k_base,80,107,54,1.179,0.715,63.692,0.13,44966,20891,40960,6.0,0.4,0.0,0.4,0.0,1.0,0,2,0,0.025
small_sparse,blast_radius,full_markdown,tiktoken:cl100k_base,80,107,7054,0.108,0.715,63.692,0.13,44966,20891,40960,705.4,1.0,1.0,1.0,0.9375,1.0,0,80,107,1.0
small_sparse,blast_radius,keyword_markdown,tiktoken:cl100k_base,80,107,31,0.805,0.715,63.692,0.13,44966,20891,40960,3.1,0.2,0.0,1.0,0.0,1.0,0,1,0,0.0125
small_sparse,blast_radius,bm25_markdown,tiktoken:cl100k_base,80,107,31,0.833,0.715,63.692,0.13,44966,20891,40960,3.1,0.2,0.0,1.0,0.0,1.0,0,1,0,0.0125
small_sparse,blast_radius,graph_1hop,tiktoken:cl100k_base,80,107,78,0.969,0.715,63.692,0.13,44966,20891,40960,7.8,0.6,0.4,1.0,0.0,1.0,0,3,2,0.0375
small_sparse,blast_radius,graph_1hop_lowlevel,tiktoken:cl100k_base,80,107,94,0.997,0.715,63.692,0.13,44966,20891,40960,9.4,0.6,0.4,1.0,0.0,1.0,0,3,2,0.0375
small_sparse,blast_radius,graph_1hop_sql,tiktoken:cl100k_base,80,107,83,0.771,0.715,63.692,0.13,44966,20891,40960,8.3,0.6,0.4,1.0,0.0,1.0,0,3,2,0.0375
small_sparse,blast_radius,graph_1hop_semantic_arrow,tiktoken:cl100k_base,80,107,53,1.064,0.715,63.692,0.13,44966,20891,40960,5.3,0.6,0.4,1.0,0.0,1.0,0,3,2,0.0375
small_sparse,blast_radius,graph_1hop_gg_max,tiktoken:cl100k_base,80,107,64,1.475,0.715,63.692,0.13,44966,20891,40960,6.4,0.6,0.4,1.0,0.0,1.0,0,3,2,0.0375
small_sparse,blast_radius,graph_1hop_gg_max_hybrid,tiktoken:cl100k_base,80,107,215,1.196,0.715,63.692,0.13,44966,20891,40960,21.5,0.6,0.4,1.0,0.0,1.0,0,3,2,0.0375
small_sparse,blast_radius,graph_2hop,tiktoken:cl100k_base,80,107,151,0.817,0.715,63.692,0.13,44966,20891,40960,15.1,1.0,1.0,1.0,0.0,1.0,0,5,5,0.0625
small_sparse,blast_radius,graph_2hop_lowlevel,tiktoken:cl100k_base,80,107,147,0.775,0.715,63.692,0.13,44966,20891,40960,14.7,1.0,1.0,1.0,0.0,1.0,0,5,5,0.0625
small_sparse,blast_radius,graph_2hop_sql,tiktoken:cl100k_base,80,107,153,0.761,0.715,63.692,0.13,44966,20891,40960,15.3,1.0,1.0,1.0,0.0,1.0,0,5,5,0.0625
small_sparse,blast_radius,graph_2hop_semantic_arrow,tiktoken:cl100k_base,80,107,109,0.968,0.715,63.692,0.13,44966,20891,40960,10.9,1.0,1.0,1.0,0.0,1.0,0,5,5,0.0625
small_sparse,blast_radius,graph_2hop_gg_max,tiktoken:cl100k_base,80,107,102,0.796,0.715,63.692,0.13,44966,20891,40960,10.2,1.0,1.0,1.0,0.0,1.0,0,5,5,0.0625
small_sparse,blast_radius,graph_2hop_gg_max_hybrid,tiktoken:cl100k_base,80,107,360,0.799,0.715,63.692,0.13,44966,20891,40960,36.0,1.0,1.0,1.0,0.0,1.0,0,5,5,0.0625
small_sparse,blast_radius,graph_keyword_hybrid,tiktoken:cl100k_base,80,107,205,1.64,0.715,63.692,0.13,44966,20891,40960,20.5,0.6,0.4,1.0,0.0,1.0,0,3,2,0.0375
small_sparse,blast_radius,hierarchical_summary,tiktoken:cl100k_base,80,107,29,0.966,0.715,63.692,0.13,44966,20891,40960,2.9,0.2,0.0,1.0,0.0,1.0,0,1,0,0.0125
small_sparse,subsystem_summary,full_markdown,tiktoken:cl100k_base,80,107,7054,0.107,0.715,63.692,0.13,44966,20891,40960,783.778,1.0,1.0,1.0,0.9375,1.0,0,80,107,1.0
small_sparse,subsystem_summary,keyword_markdown,tiktoken:cl100k_base,80,107,354,0.708,0.715,63.692,0.13,44966,20891,40960,39.333,0.2,0.0,1.0,0.875,1.0,0,8,6,0.1
small_sparse,subsystem_summary,bm25_markdown,tiktoken:cl100k_base,80,107,262,1.444,0.715,63.692,0.13,44966,20891,40960,29.111,0.2,0.0,1.0,0.875,1.0,0,8,0,0.1
small_sparse,subsystem_summary,graph_1hop,tiktoken:cl100k_base,80,107,325,1.318,0.715,63.692,0.13,44966,20891,40960,36.111,1.0,1.0,1.0,0.5455,1.0,0,11,8,0.1375
small_sparse,subsystem_summary,graph_1hop_lowlevel,tiktoken:cl100k_base,80,107,247,1.014,0.715,63.692,0.13,44966,20891,40960,27.444,1.0,1.0,1.0,0.5455,1.0,0,11,8,0.1375
small_sparse,subsystem_summary,graph_1hop_sql,tiktoken:cl100k_base,80,107,320,1.053,0.715,63.692,0.13,44966,20891,40960,35.556,1.0,1.0,1.0,0.5455,1.0,0,11,8,0.1375
small_sparse,subsystem_summary,graph_1hop_semantic_arrow,tiktoken:cl100k_base,80,107,213,1.064,0.715,63.692,0.13,44966,20891,40960,23.667,1.0,1.0,1.0,0.5455,1.0,0,11,8,0.1375
small_sparse,subsystem_summary,graph_1hop_gg_max,tiktoken:cl100k_base,80,107,175,1.272,0.715,63.692,0.13,44966,20891,40960,19.444,1.0,1.0,1.0,0.5455,1.0,0,11,8,0.1375
small_sparse,subsystem_summary,graph_1hop_gg_max_hybrid,tiktoken:cl100k_base,80,107,830,0.906,0.715,63.692,0.13,44966,20891,40960,92.222,1.0,1.0,1.0,0.5455,1.0,0,11,8,0.1375
small_sparse,subsystem_summary,graph_2hop,tiktoken:cl100k_base,80,107,744,1.065,0.715,63.692,0.13,44966,20891,40960,82.667,1.0,1.0,1.0,0.7826,1.0,0,23,22,0.2875
small_sparse,subsystem_summary,graph_2hop_lowlevel,tiktoken:cl100k_base,80,107,533,0.952,0.715,63.692,0.13,44966,20891,40960,59.222,1.0,1.0,1.0,0.7826,1.0,0,23,22,0.2875
small_sparse,subsystem_summary,graph_2hop_sql,tiktoken:cl100k_base,80,107,725,1.077,0.715,63.692,0.13,44966,20891,40960,80.556,1.0,1.0,1.0,0.7826,1.0,0,23,22,0.2875
small_sparse,subsystem_summary,graph_2hop_semantic_arrow,tiktoken:cl100k_base,80,107,515,1.633,0.715,63.692,0.13,44966,20891,40960,57.222,1.0,1.0,1.0,0.7826,1.0,0,23,22,0.2875
small_sparse,subsystem_summary,graph_2hop_gg_max,tiktoken:cl100k_base,80,107,383,1.14,0.715,63.692,0.13,44966,20891,40960,42.556,1.0,1.0,1.0,0.7826,1.0,0,23,22,0.2875
small_sparse,subsystem_summary,graph_2hop_gg_max_hybrid,tiktoken:cl100k_base,80,107,1755,0.926,0.715,63.692,0.13,44966,20891,40960,195.0,1.0,1.0,1.0,0.7826,1.0,0,23,22,0.2875
small_sparse,subsystem_summary,graph_keyword_hybrid,tiktoken:cl100k_base,80,107,1765,1.976,0.715,63.692,0.13,44966,20891,40960,196.111,1.0,1.0,1.0,0.7727,1.0,0,22,17,0.275
small_sparse,subsystem_summary,hierarchical_summary,tiktoken:cl100k_base,80,107,116,1.199,0.715,63.692,0.13,44966,20891,40960,12.889,0.2,0.0,1.0,0.8333,1.0,0,6,0,0.075
small_sparse,negative_query,full_markdown,tiktoken:cl100k_base,80,107,7054,0.186,0.715,63.692,0.13,44966,20891,40960,3527.0,1.0,1.0,1.0,0.975,1.0,0,80,107,1.0
small_sparse,negative_query,keyword_markdown,tiktoken:cl100k_base,80,107,63,0.716,0.715,63.692,0.13,44966,20891,40960,31.5,1.0,1.0,1.0,0.0,1.0,0,2,0,0.025
small_sparse,negative_query,bm25_markdown,tiktoken:cl100k_base,80,107,63,0.851,0.715,63.692,0.13,44966,20891,40960,31.5,1.0,1.0,1.0,0.0,1.0,0,2,0,0.025
small_sparse,negative_query,graph_1hop,tiktoken:cl100k_base,80,107,164,0.841,0.715,63.692,0.13,44966,20891,40960,82.0,1.0,1.0,1.0,0.6667,1.0,0,6,4,0.075
small_sparse,negative_query,graph_1hop_lowlevel,tiktoken:cl100k_base,80,107,147,0.881,0.715,63.692,0.13,44966,20891,40960,73.5,1.0,1.0,1.0,0.6667,1.0,0,6,4,0.075
small_sparse,negative_query,graph_1hop_sql,tiktoken:cl100k_base,80,107,167,0.794,0.715,63.692,0.13,44966,20891,40960,83.5,1.0,1.0,1.0,0.6667,1.0,0,6,4,0.075
small_sparse,negative_query,graph_1hop_semantic_arrow,tiktoken:cl100k_base,80,107,108,0.771,0.715,63.692,0.13,44966,20891,40960,54.0,1.0,1.0,1.0,0.6667,1.0,0,6,4,0.075
small_sparse,negative_query,graph_1hop_gg_max,tiktoken:cl100k_base,80,107,102,0.848,0.715,63.692,0.13,44966,20891,40960,51.0,1.0,1.0,1.0,0.6667,1.0,0,6,4,0.075
small_sparse,negative_query,graph_1hop_gg_max_hybrid,tiktoken:cl100k_base,80,107,436,0.833,0.715,63.692,0.13,44966,20891,40960,218.0,1.0,1.0,1.0,0.6667,1.0,0,6,4,0.075
small_sparse,negative_query,graph_2hop,tiktoken:cl100k_base,80,107,338,1.024,0.715,63.692,0.13,44966,20891,40960,169.0,1.0,1.0,1.0,0.8182,1.0,0,11,10,0.1375
small_sparse,negative_query,graph_2hop_lowlevel,tiktoken:cl100k_base,80,107,266,0.816,0.715,63.692,0.13,44966,20891,40960,133.0,1.0,1.0,1.0,0.8182,1.0,0,11,10,0.1375
small_sparse,negative_query,graph_2hop_sql,tiktoken:cl100k_base,80,107,332,0.804,0.715,63.692,0.13,44966,20891,40960,166.0,1.0,1.0,1.0,0.8182,1.0,0,11,10,0.1375
small_sparse,negative_query,graph_2hop_semantic_arrow,tiktoken:cl100k_base,80,107,233,1.522,0.715,63.692,0.13,44966,20891,40960,116.5,1.0,1.0,1.0,0.8182,1.0,0,11,10,0.1375
small_sparse,negative_query,graph_2hop_gg_max,tiktoken:cl100k_base,80,107,188,1.033,0.715,63.692,0.13,44966,20891,40960,94.0,1.0,1.0,1.0,0.8182,1.0,0,11,10,0.1375
small_sparse,negative_query,graph_2hop_gg_max_hybrid,tiktoken:cl100k_base,80,107,813,0.788,0.715,63.692,0.13,44966,20891,40960,406.5,1.0,1.0,1.0,0.8182,1.0,0,11,10,0.1375
small_sparse,negative_query,graph_keyword_hybrid,tiktoken:cl100k_base,80,107,442,1.793,0.715,63.692,0.13,44966,20891,40960,221.0,1.0,1.0,1.0,0.6667,1.0,0,6,4,0.075
small_sparse,negative_query,hierarchical_summary,tiktoken:cl100k_base,80,107,58,0.853,0.715,63.692,0.13,44966,20891,40960,29.0,1.0,1.0,1.0,0.0,1.0,0,2,0,0.025
small_dense,direct_lookup,full_markdown,tiktoken:cl100k_base,80,179,8149,0.259,0.763,66.515,0.198,53338,20896,49152,1629.8,1.0,1.0,1.0,0.9625,1.0,0,80,179,1.0
small_dense,direct_lookup,keyword_markdown,tiktoken:cl100k_base,80,179,31,0.997,0.763,66.515,0.198,53338,20896,49152,6.2,0.3333,0.0,1.0,0.0,1.0,0,1,0,0.0125
small_dense,direct_lookup,bm25_markdown,tiktoken:cl100k_base,80,179,31,0.901,0.763,66.515,0.198,53338,20896,49152,6.2,0.3333,0.0,1.0,0.0,1.0,0,1,0,0.0125
small_dense,direct_lookup,graph_1hop,tiktoken:cl100k_base,80,179,145,1.034,0.763,66.515,0.198,53338,20896,49152,29.0,1.0,1.0,1.0,0.4,1.0,0,5,4,0.0625
small_dense,direct_lookup,graph_1hop_lowlevel,tiktoken:cl100k_base,80,179,138,0.882,0.763,66.515,0.198,53338,20896,49152,27.6,1.0,1.0,1.0,0.4,1.0,0,5,4,0.0625
small_dense,direct_lookup,graph_1hop_sql,tiktoken:cl100k_base,80,179,148,1.058,0.763,66.515,0.198,53338,20896,49152,29.6,1.0,1.0,1.0,0.4,1.0,0,5,4,0.0625
small_dense,direct_lookup,graph_1hop_semantic_arrow,tiktoken:cl100k_base,80,179,100,1.471,0.763,66.515,0.198,53338,20896,49152,20.0,1.0,1.0,1.0,0.4,1.0,0,5,4,0.0625
small_dense,direct_lookup,graph_1hop_gg_max,tiktoken:cl100k_base,80,179,96,1.58,0.763,66.515,0.198,53338,20896,49152,19.2,1.0,1.0,1.0,0.4,1.0,0,5,4,0.0625
small_dense,direct_lookup,graph_1hop_gg_max_hybrid,tiktoken:cl100k_base,80,179,369,1.809,0.763,66.515,0.198,53338,20896,49152,73.8,1.0,1.0,1.0,0.4,1.0,0,5,4,0.0625
small_dense,direct_lookup,graph_2hop,tiktoken:cl100k_base,80,179,525,1.353,0.763,66.515,0.198,53338,20896,49152,105.0,1.0,1.0,1.0,0.8,1.0,0,15,18,0.1875
small_dense,direct_lookup,graph_2hop_lowlevel,tiktoken:cl100k_base,80,179,406,0.896,0.763,66.515,0.198,53338,20896,49152,81.2,1.0,1.0,1.0,0.8,1.0,0,15,18,0.1875
small_dense,direct_lookup,graph_2hop_sql,tiktoken:cl100k_base,80,179,512,0.857,0.763,66.515,0.198,53338,20896,49152,102.4,1.0,1.0,1.0,0.8,1.0,0,15,18,0.1875
small_dense,direct_lookup,graph_2hop_semantic_arrow,tiktoken:cl100k_base,80,179,385,0.833,0.763,66.515,0.198,53338,20896,49152,77.0,1.0,1.0,1.0,0.8,1.0,0,15,18,0.1875
small_dense,direct_lookup,graph_2hop_gg_max,tiktoken:cl100k_base,80,179,292,0.793,0.763,66.515,0.198,53338,20896,49152,58.4,1.0,1.0,1.0,0.8,1.0,0,15,18,0.1875
small_dense,direct_lookup,graph_2hop_gg_max_hybrid,tiktoken:cl100k_base,80,179,1158,1.153,0.763,66.515,0.198,53338,20896,49152,231.6,1.0,1.0,1.0,0.8,1.0,0,15,18,0.1875
small_dense,direct_lookup,graph_keyword_hybrid,tiktoken:cl100k_base,80,179,374,1.489,0.763,66.515,0.198,53338,20896,49152,74.8,1.0,1.0,1.0,0.4,1.0,0,5,4,0.0625
small_dense,direct_lookup,hierarchical_summary,tiktoken:cl100k_base,80,179,29,1.13,0.763,66.515,0.198,53338,20896,49152,5.8,0.3333,0.0,1.0,0.0,1.0,0,1,0,0.0125
small_dense,reverse_lookup,full_markdown,tiktoken:cl100k_base,80,179,8149,0.186,0.763,66.515,0.198,53338,20896,49152,1629.8,1.0,1.0,1.0,0.9625,1.0,0,80,179,1.0
small_dense,reverse_lookup,keyword_markdown,tiktoken:cl100k_base,80,179,31,0.87,0.763,66.515,0.198,53338,20896,49152,6.2,0.3333,0.0,1.0,0.0,1.0,0,1,0,0.0125
small_dense,reverse_lookup,bm25_markdown,tiktoken:cl100k_base,80,179,31,0.812,0.763,66.515,0.198,53338,20896,49152,6.2,0.3333,0.0,1.0,0.0,1.0,0,1,0,0.0125
small_dense,reverse_lookup,graph_1hop,tiktoken:cl100k_base,80,179,145,0.832,0.763,66.515,0.198,53338,20896,49152,29.0,1.0,1.0,1.0,0.4,1.0,0,5,4,0.0625
small_dense,reverse_lookup,graph_1hop_lowlevel,tiktoken:cl100k_base,80,179,138,0.921,0.763,66.515,0.198,53338,20896,49152,27.6,1.0,1.0,1.0,0.4,1.0,0,5,4,0.0625
small_dense,reverse_lookup,graph_1hop_sql,tiktoken:cl100k_base,80,179,148,0.95,0.763,66.515,0.198,53338,20896,49152,29.6,1.0,1.0,1.0,0.4,1.0,0,5,4,0.0625
small_dense,reverse_lookup,graph_1hop_semantic_arrow,tiktoken:cl100k_base,80,179,100,1.272,0.763,66.515,0.198,53338,20896,49152,20.0,1.0,1.0,1.0,0.4,1.0,0,5,4,0.0625
small_dense,reverse_lookup,graph_1hop_gg_max,tiktoken:cl100k_base,80,179,96,1.095,0.763,66.515,0.198,53338,20896,49152,19.2,1.0,1.0,1.0,0.4,1.0,0,5,4,0.0625
small_dense,reverse_lookup,graph_1hop_gg_max_hybrid,tiktoken:cl100k_base,80,179,369,0.951,0.763,66.515,0.198,53338,20896,49152,73.8,1.0,1.0,1.0,0.4,1.0,0,5,4,0.0625
small_dense,reverse_lookup,graph_2hop,tiktoken:cl100k_base,80,179,525,1.124,0.763,66.515,0.198,53338,20896,49152,105.0,1.0,1.0,1.0,0.8,1.0,0,15,18,0.1875
small_dense,reverse_lookup,graph_2hop_lowlevel,tiktoken:cl100k_base,80,179,406,0.871,0.763,66.515,0.198,53338,20896,49152,81.2,1.0,1.0,1.0,0.8,1.0,0,15,18,0.1875
small_dense,reverse_lookup,graph_2hop_sql,tiktoken:cl100k_base,80,179,512,1.655,0.763,66.515,0.198,53338,20896,49152,102.4,1.0,1.0,1.0,0.8,1.0,0,15,18,0.1875
small_dense,reverse_lookup,graph_2hop_semantic_arrow,tiktoken:cl100k_base,80,179,385,1.137,0.763,66.515,0.198,53338,20896,49152,77.0,1.0,1.0,1.0,0.8,1.0,0,15,18,0.1875
small_dense,reverse_lookup,graph_2hop_gg_max,tiktoken:cl100k_base,80,179,292,1.088,0.763,66.515,0.198,53338,20896,49152,58.4,1.0,1.0,1.0,0.8,1.0,0,15,18,0.1875
small_dense,reverse_lookup,graph_2hop_gg_max_hybrid,tiktoken:cl100k_base,80,179,1158,1.109,0.763,66.515,0.198,53338,20896,49152,231.6,1.0,1.0,1.0,0.8,1.0,0,15,18,0.1875
small_dense,reverse_lookup,graph_keyword_hybrid,tiktoken:cl100k_base,80,179,374,1.823,0.763,66.515,0.198,53338,20896,49152,74.8,1.0,1.0,1.0,0.4,1.0,0,5,4,0.0625
small_dense,reverse_lookup,hierarchical_summary,tiktoken:cl100k_base,80,179,29,1.064,0.763,66.515,0.198,53338,20896,49152,5.8,0.3333,0.0,1.0,0.0,1.0,0,1,0,0.0125
small_dense,multi_hop_path,full_markdown,tiktoken:cl100k_base,80,179,8149,0.63,0.763,66.515,0.198,53338,20896,49152,905.444,1.0,1.0,1.0,0.9375,1.0,0,80,179,1.0
small_dense,multi_hop_path,keyword_markdown,tiktoken:cl100k_base,80,179,57,0.831,0.763,66.515,0.198,53338,20896,49152,6.333,0.4,0.0,0.4,0.0,1.0,0,2,0,0.025
small_dense,multi_hop_path,bm25_markdown,tiktoken:cl100k_base,80,179,57,1.184,0.763,66.515,0.198,53338,20896,49152,6.333,0.4,0.0,0.4,0.0,1.0,0,2,0,0.025
small_dense,multi_hop_path,graph_1hop,tiktoken:cl100k_base,80,179,284,1.125,0.763,66.515,0.198,53338,20896,49152,31.556,0.8,0.5,0.8,0.6,1.0,0,10,8,0.125
small_dense,multi_hop_path,graph_1hop_lowlevel,tiktoken:cl100k_base,80,179,229,1.211,0.763,66.515,0.198,53338,20896,49152,25.444,0.8,0.5,0.8,0.6,1.0,0,10,8,0.125
small_dense,multi_hop_path,graph_1hop_sql,tiktoken:cl100k_base,80,179,282,1.123,0.763,66.515,0.198,53338,20896,49152,31.333,0.8,0.5,0.8,0.6,1.0,0,10,8,0.125
small_dense,multi_hop_path,graph_1hop_semantic_arrow,tiktoken:cl100k_base,80,179,196,2.103,0.763,66.515,0.198,53338,20896,49152,21.778,0.8,0.5,0.8,0.6,1.0,0,10,8,0.125
small_dense,multi_hop_path,graph_1hop_gg_max,tiktoken:cl100k_base,80,179,160,1.111,0.763,66.515,0.198,53338,20896,49152,17.778,0.8,0.5,0.8,0.6,1.0,0,10,8,0.125
small_dense,multi_hop_path,graph_1hop_gg_max_hybrid,tiktoken:cl100k_base,80,179,712,1.111,0.763,66.515,0.198,53338,20896,49152,79.111,0.8,0.5,0.8,0.6,1.0,0,10,8,0.125
small_dense,multi_hop_path,graph_2hop,tiktoken:cl100k_base,80,179,1115,1.967,0.763,66.515,0.198,53338,20896,49152,123.889,1.0,1.0,1.0,0.8387,1.0,0,31,39,0.3875
small_dense,multi_hop_path,graph_2hop_lowlevel,tiktoken:cl100k_base,80,179,816,1.014,0.763,66.515,0.198,53338,20896,49152,90.667,1.0,1.0,1.0,0.8387,1.0,0,31,39,0.3875
small_dense,multi_hop_path,graph_2hop_sql,tiktoken:cl100k_base,80,179,1074,1.085,0.763,66.515,0.198,53338,20896,49152,119.333,1.0,1.0,1.0,0.8387,1.0,0,31,39,0.3875
small_dense,multi_hop_path,graph_2hop_semantic_arrow,tiktoken:cl100k_base,80,179,819,1.062,0.763,66.515,0.198,53338,20896,49152,91.0,1.0,1.0,1.0,0.8387,1.0,0,31,39,0.3875
small_dense,multi_hop_path,graph_2hop_gg_max,tiktoken:cl100k_base,80,179,591,1.186,0.763,66.515,0.198,53338,20896,49152,65.667,1.0,1.0,1.0,0.8387,1.0,0,31,39,0.3875
small_dense,multi_hop_path,graph_2hop_gg_max_hybrid,tiktoken:cl100k_base,80,179,2404,1.188,0.763,66.515,0.198,53338,20896,49152,267.111,1.0,1.0,1.0,0.8387,1.0,0,31,39,0.3875
small_dense,multi_hop_path,graph_keyword_hybrid,tiktoken:cl100k_base,80,179,748,2.033,0.763,66.515,0.198,53338,20896,49152,83.111,0.8,0.5,0.8,0.6,1.0,0,10,8,0.125
small_dense,multi_hop_path,hierarchical_summary,tiktoken:cl100k_base,80,179,54,1.117,0.763,66.515,0.198,53338,20896,49152,6.0,0.4,0.0,0.4,0.0,1.0,0,2,0,0.025
small_dense,blast_radius,full_markdown,tiktoken:cl100k_base,80,179,8149,0.19,0.763,66.515,0.198,53338,20896,49152,246.939,1.0,1.0,1.0,0.8125,1.0,0,80,179,1.0
small_dense,blast_radius,keyword_markdown,tiktoken:cl100k_base,80,179,31,1.003,0.763,66.515,0.198,53338,20896,49152,0.939,0.0667,0.0,1.0,0.0,1.0,0,1,0,0.0125
small_dense,blast_radius,bm25_markdown,tiktoken:cl100k_base,80,179,31,1.234,0.763,66.515,0.198,53338,20896,49152,0.939,0.0667,0.0,1.0,0.0,1.0,0,1,0,0.0125
small_dense,blast_radius,graph_1hop,tiktoken:cl100k_base,80,179,145,1.655,0.763,66.515,0.198,53338,20896,49152,4.394,0.3333,0.2222,1.0,0.0,1.0,0,5,4,0.0625
small_dense,blast_radius,graph_1hop_lowlevel,tiktoken:cl100k_base,80,179,138,1.14,0.763,66.515,0.198,53338,20896,49152,4.182,0.3333,0.2222,1.0,0.0,1.0,0,5,4,0.0625
small_dense,blast_radius,graph_1hop_sql,tiktoken:cl100k_base,80,179,148,0.927,0.763,66.515,0.198,53338,20896,49152,4.485,0.3333,0.2222,1.0,0.0,1.0,0,5,4,0.0625
small_dense,blast_radius,graph_1hop_semantic_arrow,tiktoken:cl100k_base,80,179,100,1.144,0.763,66.515,0.198,53338,20896,49152,3.03,0.3333,0.2222,1.0,0.0,1.0,0,5,4,0.0625
small_dense,blast_radius,graph_1hop_gg_max,tiktoken:cl100k_base,80,179,96,1.424,0.763,66.515,0.198,53338,20896,49152,2.909,0.3333,0.2222,1.0,0.0,1.0,0,5,4,0.0625
small_dense,blast_radius,graph_1hop_gg_max_hybrid,tiktoken:cl100k_base,80,179,369,1.066,0.763,66.515,0.198,53338,20896,49152,11.182,0.3333,0.2222,1.0,0.0,1.0,0,5,4,0.0625
small_dense,blast_radius,graph_2hop,tiktoken:cl100k_base,80,179,525,1.115,0.763,66.515,0.198,53338,20896,49152,15.909,1.0,1.0,1.0,0.0,1.0,0,15,18,0.1875
small_dense,blast_radius,graph_2hop_lowlevel,tiktoken:cl100k_base,80,179,406,1.163,0.763,66.515,0.198,53338,20896,49152,12.303,1.0,1.0,1.0,0.0,1.0,0,15,18,0.1875
small_dense,blast_radius,graph_2hop_sql,tiktoken:cl100k_base,80,179,512,1.235,0.763,66.515,0.198,53338,20896,49152,15.515,1.0,1.0,1.0,0.0,1.0,0,15,18,0.1875
small_dense,blast_radius,graph_2hop_semantic_arrow,tiktoken:cl100k_base,80,179,385,1.06,0.763,66.515,0.198,53338,20896,49152,11.667,1.0,1.0,1.0,0.0,1.0,0,15,18,0.1875
small_dense,blast_radius,graph_2hop_gg_max,tiktoken:cl100k_base,80,179,292,1.11,0.763,66.515,0.198,53338,20896,49152,8.848,1.0,1.0,1.0,0.0,1.0,0,15,18,0.1875
small_dense,blast_radius,graph_2hop_gg_max_hybrid,tiktoken:cl100k_base,80,179,1158,1.1,0.763,66.515,0.198,53338,20896,49152,35.091,1.0,1.0,1.0,0.0,1.0,0,15,18,0.1875
small_dense,blast_radius,graph_keyword_hybrid,tiktoken:cl100k_base,80,179,374,2.034,0.763,66.515,0.198,53338,20896,49152,11.333,0.3333,0.2222,1.0,0.0,1.0,0,5,4,0.0625
small_dense,blast_radius,hierarchical_summary,tiktoken:cl100k_base,80,179,29,1.449,0.763,66.515,0.198,53338,20896,49152,0.879,0.0667,0.0,1.0,0.0,1.0,0,1,0,0.0125
small_dense,subsystem_summary,full_markdown,tiktoken:cl100k_base,80,179,8149,0.369,0.763,66.515,0.198,53338,20896,49152,905.444,1.0,1.0,1.0,0.9375,1.0,0,80,179,1.0
small_dense,subsystem_summary,keyword_markdown,tiktoken:cl100k_base,80,179,354,0.972,0.763,66.515,0.198,53338,20896,49152,39.333,0.2,0.0,1.0,0.875,1.0,0,8,6,0.1
small_dense,subsystem_summary,bm25_markdown,tiktoken:cl100k_base,80,179,268,1.206,0.763,66.515,0.198,53338,20896,49152,29.778,0.2,0.0,1.0,0.875,1.0,0,8,0,0.1
small_dense,subsystem_summary,graph_1hop,tiktoken:cl100k_base,80,179,440,1.067,0.763,66.515,0.198,53338,20896,49152,48.889,1.0,1.0,1.0,0.6429,1.0,0,14,12,0.175
small_dense,subsystem_summary,graph_1hop_lowlevel,tiktoken:cl100k_base,80,179,326,1.12,0.763,66.515,0.198,53338,20896,49152,36.222,1.0,1.0,1.0,0.6429,1.0,0,14,12,0.175
small_dense,subsystem_summary,graph_1hop_sql,tiktoken:cl100k_base,80,179,430,1.541,0.763,66.515,0.198,53338,20896,49152,47.778,1.0,1.0,1.0,0.6429,1.0,0,14,12,0.175
small_dense,subsystem_summary,graph_1hop_semantic_arrow,tiktoken:cl100k_base,80,179,299,1.194,0.763,66.515,0.198,53338,20896,49152,33.222,1.0,1.0,1.0,0.6429,1.0,0,14,12,0.175
small_dense,subsystem_summary,graph_1hop_gg_max,tiktoken:cl100k_base,80,179,233,1.623,0.763,66.515,0.198,53338,20896,49152,25.889,1.0,1.0,1.0,0.6429,1.0,0,14,12,0.175
small_dense,subsystem_summary,graph_1hop_gg_max_hybrid,tiktoken:cl100k_base,80,179,1070,1.164,0.763,66.515,0.198,53338,20896,49152,118.889,1.0,1.0,1.0,0.6429,1.0,0,14,12,0.175
small_dense,subsystem_summary,graph_2hop,tiktoken:cl100k_base,80,179,1504,1.134,0.763,66.515,0.198,53338,20896,49152,167.111,1.0,1.0,1.0,0.881,1.0,0,42,50,0.525
small_dense,subsystem_summary,graph_2hop_lowlevel,tiktoken:cl100k_base,80,179,1068,1.26,0.763,66.515,0.198,53338,20896,49152,118.667,1.0,1.0,1.0,0.881,1.0,0,42,50,0.525
small_dense,subsystem_summary,graph_2hop_sql,tiktoken:cl100k_base,80,179,1450,1.095,0.763,66.515,0.198,53338,20896,49152,161.111,1.0,1.0,1.0,0.881,1.0,0,42,50,0.525
small_dense,subsystem_summary,graph_2hop_semantic_arrow,tiktoken:cl100k_base,80,179,1084,1.175,0.763,66.515,0.198,53338,20896,49152,120.444,1.0,1.0,1.0,0.881,1.0,0,42,50,0.525
small_dense,subsystem_summary,graph_2hop_gg_max,tiktoken:cl100k_base,80,179,777,1.409,0.763,66.515,0.198,53338,20896,49152,86.333,1.0,1.0,1.0,0.881,1.0,0,42,50,0.525
small_dense,subsystem_summary,graph_2hop_gg_max_hybrid,tiktoken:cl100k_base,80,179,3308,2.027,0.763,66.515,0.198,53338,20896,49152,367.556,1.0,1.0,1.0,0.881,1.0,0,42,50,0.525
small_dense,subsystem_summary,graph_keyword_hybrid,tiktoken:cl100k_base,80,179,2600,2.178,0.763,66.515,0.198,53338,20896,49152,288.889,1.0,1.0,1.0,0.8387,1.0,0,31,31,0.3875
small_dense,subsystem_summary,hierarchical_summary,tiktoken:cl100k_base,80,179,116,0.978,0.763,66.515,0.198,53338,20896,49152,12.889,0.2,0.0,1.0,0.8333,1.0,0,6,0,0.075
small_dense,negative_query,full_markdown,tiktoken:cl100k_base,80,179,8149,0.288,0.763,66.515,0.198,53338,20896,49152,4074.5,1.0,1.0,1.0,0.975,1.0,0,80,179,1.0
small_dense,negative_query,keyword_markdown,tiktoken:cl100k_base,80,179,63,0.809,0.763,66.515,0.198,53338,20896,49152,31.5,1.0,1.0,1.0,0.0,1.0,0,2,0,0.025
small_dense,negative_query,bm25_markdown,tiktoken:cl100k_base,80,179,63,1.113,0.763,66.515,0.198,53338,20896,49152,31.5,1.0,1.0,1.0,0.0,1.0,0,2,0,0.025
small_dense,negative_query,graph_1hop,tiktoken:cl100k_base,80,179,264,0.942,0.763,66.515,0.198,53338,20896,49152,132.0,1.0,1.0,1.0,0.7778,1.0,0,9,7,0.1125
small_dense,negative_query,graph_1hop_lowlevel,tiktoken:cl100k_base,80,179,213,0.807,0.763,66.515,0.198,53338,20896,49152,106.5,1.0,1.0,1.0,0.7778,1.0,0,9,7,0.1125
small_dense,negative_query,graph_1hop_sql,tiktoken:cl100k_base,80,179,263,0.78,0.763,66.515,0.198,53338,20896,49152,131.5,1.0,1.0,1.0,0.7778,1.0,0,9,7,0.1125
small_dense,negative_query,graph_1hop_semantic_arrow,tiktoken:cl100k_base,80,179,179,0.762,0.763,66.515,0.198,53338,20896,49152,89.5,1.0,1.0,1.0,0.7778,1.0,0,9,7,0.1125
small_dense,negative_query,graph_1hop_gg_max,tiktoken:cl100k_base,80,179,150,0.848,0.763,66.515,0.198,53338,20896,49152,75.0,1.0,1.0,1.0,0.7778,1.0,0,9,7,0.1125
small_dense,negative_query,graph_1hop_gg_max_hybrid,tiktoken:cl100k_base,80,179,667,0.961,0.763,66.515,0.198,53338,20896,49152,333.5,1.0,1.0,1.0,0.7778,1.0,0,9,7,0.1125
small_dense,negative_query,graph_2hop,tiktoken:cl100k_base,80,179,934,0.928,0.763,66.515,0.198,53338,20896,49152,467.0,1.0,1.0,1.0,0.9259,1.0,0,27,31,0.3375
small_dense,negative_query,graph_2hop_lowlevel,tiktoken:cl100k_base,80,179,681,0.991,0.763,66.515,0.198,53338,20896,49152,340.5,1.0,1.0,1.0,0.9259,1.0,0,27,31,0.3375
small_dense,negative_query,graph_2hop_sql,tiktoken:cl100k_base,80,179,904,0.977,0.763,66.515,0.198,53338,20896,49152,452.0,1.0,1.0,1.0,0.9259,1.0,0,27,31,0.3375
small_dense,negative_query,graph_2hop_semantic_arrow,tiktoken:cl100k_base,80,179,676,1.142,0.763,66.515,0.198,53338,20896,49152,338.0,1.0,1.0,1.0,0.9259,1.0,0,27,31,0.3375
small_dense,negative_query,graph_2hop_gg_max,tiktoken:cl100k_base,80,179,492,1.026,0.763,66.515,0.198,53338,20896,49152,246.0,1.0,1.0,1.0,0.9259,1.0,0,27,31,0.3375
small_dense,negative_query,graph_2hop_gg_max_hybrid,tiktoken:cl100k_base,80,179,2080,1.022,0.763,66.515,0.198,53338,20896,49152,1040.0,1.0,1.0,1.0,0.9259,1.0,0,27,31,0.3375
small_dense,negative_query,graph_keyword_hybrid,tiktoken:cl100k_base,80,179,696,2.556,0.763,66.515,0.198,53338,20896,49152,348.0,1.0,1.0,1.0,0.7778,1.0,0,9,7,0.1125
small_dense,negative_query,hierarchical_summary,tiktoken:cl100k_base,80,179,58,1.032,0.763,66.515,0.198,53338,20896,49152,29.0,1.0,1.0,1.0,0.0,1.0,0,2,0,0.025
medium_sparse,direct_lookup,full_markdown,tiktoken:cl100k_base,1200,1739,109177,2.264,8.808,643.265,1.097,705860,327787,438272,21835.4,1.0,1.0,1.0,0.9975,1.0,0,1200,1739,1.0
medium_sparse,direct_lookup,keyword_markdown,tiktoken:cl100k_base,1200,1739,31,16.408,8.808,643.265,1.097,705860,327787,438272,6.2,0.3333,0.0,1.0,0.0,1.0,0,1,0,0.0008
medium_sparse,direct_lookup,bm25_markdown,tiktoken:cl100k_base,1200,1739,31,13.052,8.808,643.265,1.097,705860,327787,438272,6.2,0.3333,0.0,1.0,0.0,1.0,0,1,0,0.0008
medium_sparse,direct_lookup,graph_1hop,tiktoken:cl100k_base,1200,1739,78,18.564,8.808,643.265,1.097,705860,327787,438272,15.6,1.0,1.0,1.0,0.0,1.0,0,3,2,0.0025
medium_sparse,direct_lookup,graph_1hop_lowlevel,tiktoken:cl100k_base,1200,1739,94,15.926,8.808,643.265,1.097,705860,327787,438272,18.8,1.0,1.0,1.0,0.0,1.0,0,3,2,0.0025
medium_sparse,direct_lookup,graph_1hop_sql,tiktoken:cl100k_base,1200,1739,83,15.296,8.808,643.265,1.097,705860,327787,438272,16.6,1.0,1.0,1.0,0.0,1.0,0,3,2,0.0025
medium_sparse,direct_lookup,graph_1hop_semantic_arrow,tiktoken:cl100k_base,1200,1739,53,16.21,8.808,643.265,1.097,705860,327787,438272,10.6,1.0,1.0,1.0,0.0,1.0,0,3,2,0.0025
medium_sparse,direct_lookup,graph_1hop_gg_max,tiktoken:cl100k_base,1200,1739,64,16.213,8.808,643.265,1.097,705860,327787,438272,12.8,1.0,1.0,1.0,0.0,1.0,0,3,2,0.0025
medium_sparse,direct_lookup,graph_1hop_gg_max_hybrid,tiktoken:cl100k_base,1200,1739,215,24.192,8.808,643.265,1.097,705860,327787,438272,43.0,1.0,1.0,1.0,0.0,1.0,0,3,2,0.0025
medium_sparse,direct_lookup,graph_2hop,tiktoken:cl100k_base,1200,1739,253,24.817,8.808,643.265,1.097,705860,327787,438272,50.6,1.0,1.0,1.0,0.625,1.0,0,8,8,0.0067
medium_sparse,direct_lookup,graph_2hop_lowlevel,tiktoken:cl100k_base,1200,1739,213,16.819,8.808,643.265,1.097,705860,327787,438272,42.6,1.0,1.0,1.0,0.625,1.0,0,8,8,0.0067
medium_sparse,direct_lookup,graph_2hop_sql,tiktoken:cl100k_base,1200,1739,250,13.391,8.808,643.265,1.097,705860,327787,438272,50.0,1.0,1.0,1.0,0.625,1.0,0,8,8,0.0067
medium_sparse,direct_lookup,graph_2hop_semantic_arrow,tiktoken:cl100k_base,1200,1739,179,16.713,8.808,643.265,1.097,705860,327787,438272,35.8,1.0,1.0,1.0,0.625,1.0,0,8,8,0.0067
medium_sparse,direct_lookup,graph_2hop_gg_max,tiktoken:cl100k_base,1200,1739,150,16.052,8.808,643.265,1.097,705860,327787,438272,30.0,1.0,1.0,1.0,0.625,1.0,0,8,8,0.0067
medium_sparse,direct_lookup,graph_2hop_gg_max_hybrid,tiktoken:cl100k_base,1200,1739,592,16.146,8.808,643.265,1.097,705860,327787,438272,118.4,1.0,1.0,1.0,0.625,1.0,0,8,8,0.0067
medium_sparse,direct_lookup,graph_keyword_hybrid,tiktoken:cl100k_base,1200,1739,205,27.868,8.808,643.265,1.097,705860,327787,438272,41.0,1.0,1.0,1.0,0.0,1.0,0,3,2,0.0025
medium_sparse,direct_lookup,hierarchical_summary,tiktoken:cl100k_base,1200,1739,29,19.818,8.808,643.265,1.097,705860,327787,438272,5.8,0.3333,0.0,1.0,0.0,1.0,0,1,0,0.0008
medium_sparse,reverse_lookup,full_markdown,tiktoken:cl100k_base,1200,1739,109177,2.205,8.808,643.265,1.097,705860,327787,438272,21835.4,1.0,1.0,1.0,0.9975,1.0,0,1200,1739,1.0
medium_sparse,reverse_lookup,keyword_markdown,tiktoken:cl100k_base,1200,1739,31,12.297,8.808,643.265,1.097,705860,327787,438272,6.2,0.3333,0.0,1.0,0.0,1.0,0,1,0,0.0008
medium_sparse,reverse_lookup,bm25_markdown,tiktoken:cl100k_base,1200,1739,31,13.541,8.808,643.265,1.097,705860,327787,438272,6.2,0.3333,0.0,1.0,0.0,1.0,0,1,0,0.0008
medium_sparse,reverse_lookup,graph_1hop,tiktoken:cl100k_base,1200,1739,113,13.492,8.808,643.265,1.097,705860,327787,438272,22.6,1.0,1.0,1.0,0.25,1.0,0,4,3,0.0033
medium_sparse,reverse_lookup,graph_1hop_lowlevel,tiktoken:cl100k_base,1200,1739,116,14.962,8.808,643.265,1.097,705860,327787,438272,23.2,1.0,1.0,1.0,0.25,1.0,0,4,3,0.0033
medium_sparse,reverse_lookup,graph_1hop_sql,tiktoken:cl100k_base,1200,1739,117,14.633,8.808,643.265,1.097,705860,327787,438272,23.4,1.0,1.0,1.0,0.25,1.0,0,4,3,0.0033
medium_sparse,reverse_lookup,graph_1hop_semantic_arrow,tiktoken:cl100k_base,1200,1739,76,12.974,8.808,643.265,1.097,705860,327787,438272,15.2,1.0,1.0,1.0,0.25,1.0,0,4,3,0.0033
medium_sparse,reverse_lookup,graph_1hop_gg_max,tiktoken:cl100k_base,1200,1739,80,17.341,8.808,643.265,1.097,705860,327787,438272,16.0,1.0,1.0,1.0,0.25,1.0,0,4,3,0.0033
medium_sparse,reverse_lookup,graph_1hop_gg_max_hybrid,tiktoken:cl100k_base,1200,1739,293,18.855,8.808,643.265,1.097,705860,327787,438272,58.6,1.0,1.0,1.0,0.25,1.0,0,4,3,0.0033
medium_sparse,reverse_lookup,graph_2hop,tiktoken:cl100k_base,1200,1739,323,12.944,8.808,643.265,1.097,705860,327787,438272,64.6,1.0,1.0,1.0,0.7,1.0,0,10,10,0.0083
medium_sparse,reverse_lookup,graph_2hop_lowlevel,tiktoken:cl100k_base,1200,1739,259,12.443,8.808,643.265,1.097,705860,327787,438272,51.8,1.0,1.0,1.0,0.7,1.0,0,10,10,0.0083
medium_sparse,reverse_lookup,graph_2hop_sql,tiktoken:cl100k_base,1200,1739,318,17.01,8.808,643.265,1.097,705860,327787,438272,63.6,1.0,1.0,1.0,0.7,1.0,0,10,10,0.0083
medium_sparse,reverse_lookup,graph_2hop_semantic_arrow,tiktoken:cl100k_base,1200,1739,226,14.046,8.808,643.265,1.097,705860,327787,438272,45.2,1.0,1.0,1.0,0.7,1.0,0,10,10,0.0083
medium_sparse,reverse_lookup,graph_2hop_gg_max,tiktoken:cl100k_base,1200,1739,184,18.25,8.808,643.265,1.097,705860,327787,438272,36.8,1.0,1.0,1.0,0.7,1.0,0,10,10,0.0083
medium_sparse,reverse_lookup,graph_2hop_gg_max_hybrid,tiktoken:cl100k_base,1200,1739,756,15.725,8.808,643.265,1.097,705860,327787,438272,151.2,1.0,1.0,1.0,0.7,1.0,0,10,10,0.0083
medium_sparse,reverse_lookup,graph_keyword_hybrid,tiktoken:cl100k_base,1200,1739,290,31.435,8.808,643.265,1.097,705860,327787,438272,58.0,1.0,1.0,1.0,0.25,1.0,0,4,3,0.0033
medium_sparse,reverse_lookup,hierarchical_summary,tiktoken:cl100k_base,1200,1739,29,16.412,8.808,643.265,1.097,705860,327787,438272,5.8,0.3333,0.0,1.0,0.0,1.0,0,1,0,0.0008
medium_sparse,multi_hop_path,full_markdown,tiktoken:cl100k_base,1200,1739,109177,1.719,8.808,643.265,1.097,705860,327787,438272,12130.778,1.0,1.0,1.0,0.9958,1.0,0,1200,1739,1.0
medium_sparse,multi_hop_path,keyword_markdown,tiktoken:cl100k_base,1200,1739,57,10.713,8.808,643.265,1.097,705860,327787,438272,6.333,0.4,0.0,0.4,0.0,1.0,0,2,0,0.0017
medium_sparse,multi_hop_path,bm25_markdown,tiktoken:cl100k_base,1200,1739,57,19.15,8.808,643.265,1.097,705860,327787,438272,6.333,0.4,0.0,0.4,0.0,1.0,0,2,0,0.0017
medium_sparse,multi_hop_path,graph_1hop,tiktoken:cl100k_base,1200,1739,216,16.229,8.808,643.265,1.097,705860,327787,438272,24.0,0.8,0.5,0.8,0.5,1.0,0,8,6,0.0067
medium_sparse,multi_hop_path,graph_1hop_lowlevel,tiktoken:cl100k_base,1200,1739,185,13.388,8.808,643.265,1.097,705860,327787,438272,20.556,0.8,0.5,0.8,0.5,1.0,0,8,6,0.0067
medium_sparse,multi_hop_path,graph_1hop_sql,tiktoken:cl100k_base,1200,1739,216,15.582,8.808,643.265,1.097,705860,327787,438272,24.0,0.8,0.5,0.8,0.5,1.0,0,8,6,0.0067
medium_sparse,multi_hop_path,graph_1hop_semantic_arrow,tiktoken:cl100k_base,1200,1739,149,12.149,8.808,643.265,1.097,705860,327787,438272,16.556,0.8,0.5,0.8,0.5,1.0,0,8,6,0.0067
medium_sparse,multi_hop_path,graph_1hop_gg_max,tiktoken:cl100k_base,1200,1739,128,14.158,8.808,643.265,1.097,705860,327787,438272,14.222,0.8,0.5,0.8,0.5,1.0,0,8,6,0.0067
medium_sparse,multi_hop_path,graph_1hop_gg_max_hybrid,tiktoken:cl100k_base,1200,1739,558,18.777,8.808,643.265,1.097,705860,327787,438272,62.0,0.8,0.5,0.8,0.5,1.0,0,8,6,0.0067
medium_sparse,multi_hop_path,graph_2hop,tiktoken:cl100k_base,1200,1739,630,19.443,8.808,643.265,1.097,705860,327787,438272,70.0,1.0,1.0,1.0,0.7368,1.0,0,19,21,0.0158
medium_sparse,multi_hop_path,graph_2hop_lowlevel,tiktoken:cl100k_base,1200,1739,474,16.545,8.808,643.265,1.097,705860,327787,438272,52.667,1.0,1.0,1.0,0.7368,1.0,0,19,21,0.0158
medium_sparse,multi_hop_path,graph_2hop_sql,tiktoken:cl100k_base,1200,1739,612,25.193,8.808,643.265,1.097,705860,327787,438272,68.0,1.0,1.0,1.0,0.7368,1.0,0,19,21,0.0158
medium_sparse,multi_hop_path,graph_2hop_semantic_arrow,tiktoken:cl100k_base,1200,1739,455,19.544,8.808,643.265,1.097,705860,327787,438272,50.556,1.0,1.0,1.0,0.7368,1.0,0,19,21,0.0158
medium_sparse,multi_hop_path,graph_2hop_gg_max,tiktoken:cl100k_base,1200,1739,339,21.09,8.808,643.265,1.097,705860,327787,438272,37.667,1.0,1.0,1.0,0.7368,1.0,0,19,21,0.0158
medium_sparse,multi_hop_path,graph_2hop_gg_max_hybrid,tiktoken:cl100k_base,1200,1739,1422,20.631,8.808,643.265,1.097,705860,327787,438272,158.0,1.0,1.0,1.0,0.7368,1.0,0,19,21,0.0158
medium_sparse,multi_hop_path,graph_keyword_hybrid,tiktoken:cl100k_base,1200,1739,579,38.537,8.808,643.265,1.097,705860,327787,438272,64.333,0.8,0.5,0.8,0.5,1.0,0,8,6,0.0067
medium_sparse,multi_hop_path,hierarchical_summary,tiktoken:cl100k_base,1200,1739,54,22.628,8.808,643.265,1.097,705860,327787,438272,6.0,0.4,0.0,0.4,0.0,1.0,0,2,0,0.0017
medium_sparse,blast_radius,full_markdown,tiktoken:cl100k_base,1200,1739,109177,2.719,8.808,643.265,1.097,705860,327787,438272,6823.562,1.0,1.0,1.0,0.9933,1.0,0,1200,1739,1.0
medium_sparse,blast_radius,keyword_markdown,tiktoken:cl100k_base,1200,1739,31,23.078,8.808,643.265,1.097,705860,327787,438272,1.938,0.125,0.0,1.0,0.0,1.0,0,1,0,0.0008
medium_sparse,blast_radius,bm25_markdown,tiktoken:cl100k_base,1200,1739,31,20.06,8.808,643.265,1.097,705860,327787,438272,1.938,0.125,0.0,1.0,0.0,1.0,0,1,0,0.0008
medium_sparse,blast_radius,graph_1hop,tiktoken:cl100k_base,1200,1739,78,29.417,8.808,643.265,1.097,705860,327787,438272,4.875,0.375,0.25,1.0,0.0,1.0,0,3,2,0.0025
medium_sparse,blast_radius,graph_1hop_lowlevel,tiktoken:cl100k_base,1200,1739,94,20.315,8.808,643.265,1.097,705860,327787,438272,5.875,0.375,0.25,1.0,0.0,1.0,0,3,2,0.0025
medium_sparse,blast_radius,graph_1hop_sql,tiktoken:cl100k_base,1200,1739,83,29.439,8.808,643.265,1.097,705860,327787,438272,5.188,0.375,0.25,1.0,0.0,1.0,0,3,2,0.0025
medium_sparse,blast_radius,graph_1hop_semantic_arrow,tiktoken:cl100k_base,1200,1739,53,29.272,8.808,643.265,1.097,705860,327787,438272,3.312,0.375,0.25,1.0,0.0,1.0,0,3,2,0.0025
medium_sparse,blast_radius,graph_1hop_gg_max,tiktoken:cl100k_base,1200,1739,64,14.842,8.808,643.265,1.097,705860,327787,438272,4.0,0.375,0.25,1.0,0.0,1.0,0,3,2,0.0025
medium_sparse,blast_radius,graph_1hop_gg_max_hybrid,tiktoken:cl100k_base,1200,1739,215,22.374,8.808,643.265,1.097,705860,327787,438272,13.438,0.375,0.25,1.0,0.0,1.0,0,3,2,0.0025
medium_sparse,blast_radius,graph_2hop,tiktoken:cl100k_base,1200,1739,253,22.845,8.808,643.265,1.097,705860,327787,438272,15.812,1.0,1.0,1.0,0.0,1.0,0,8,8,0.0067
medium_sparse,blast_radius,graph_2hop_lowlevel,tiktoken:cl100k_base,1200,1739,213,19.045,8.808,643.265,1.097,705860,327787,438272,13.312,1.0,1.0,1.0,0.0,1.0,0,8,8,0.0067
medium_sparse,blast_radius,graph_2hop_sql,tiktoken:cl100k_base,1200,1739,250,27.257,8.808,643.265,1.097,705860,327787,438272,15.625,1.0,1.0,1.0,0.0,1.0,0,8,8,0.0067
medium_sparse,blast_radius,graph_2hop_semantic_arrow,tiktoken:cl100k_base,1200,1739,179,25.697,8.808,643.265,1.097,705860,327787,438272,11.188,1.0,1.0,1.0,0.0,1.0,0,8,8,0.0067
medium_sparse,blast_radius,graph_2hop_gg_max,tiktoken:cl100k_base,1200,1739,150,21.111,8.808,643.265,1.097,705860,327787,438272,9.375,1.0,1.0,1.0,0.0,1.0,0,8,8,0.0067
medium_sparse,blast_radius,graph_2hop_gg_max_hybrid,tiktoken:cl100k_base,1200,1739,592,21.643,8.808,643.265,1.097,705860,327787,438272,37.0,1.0,1.0,1.0,0.0,1.0,0,8,8,0.0067
medium_sparse,blast_radius,graph_keyword_hybrid,tiktoken:cl100k_base,1200,1739,205,40.946,8.808,643.265,1.097,705860,327787,438272,12.812,0.375,0.25,1.0,0.0,1.0,0,3,2,0.0025
medium_sparse,blast_radius,hierarchical_summary,tiktoken:cl100k_base,1200,1739,29,18.988,8.808,643.265,1.097,705860,327787,438272,1.812,0.125,0.0,1.0,0.0,1.0,0,1,0,0.0008
medium_sparse,subsystem_summary,full_markdown,tiktoken:cl100k_base,1200,1739,109177,1.892,8.808,643.265,1.097,705860,327787,438272,9925.182,1.0,1.0,1.0,0.995,1.0,0,1200,1739,1.0
medium_sparse,subsystem_summary,keyword_markdown,tiktoken:cl100k_base,1200,1739,369,20.045,8.808,643.265,1.097,705860,327787,438272,33.545,0.3333,0.2,1.0,0.75,1.0,0,8,7,0.0067
medium_sparse,subsystem_summary,bm25_markdown,tiktoken:cl100k_base,1200,1739,268,38.385,8.808,643.265,1.097,705860,327787,438272,24.364,0.1667,0.0,1.0,0.875,1.0,0,8,0,0.0067
medium_sparse,subsystem_summary,graph_1hop,tiktoken:cl100k_base,1200,1739,409,30.972,8.808,643.265,1.097,705860,327787,438272,37.182,1.0,1.0,1.0,0.5385,1.0,0,13,11,0.0108
medium_sparse,subsystem_summary,graph_1hop_lowlevel,tiktoken:cl100k_base,1200,1739,304,30.32,8.808,643.265,1.097,705860,327787,438272,27.636,1.0,1.0,1.0,0.5385,1.0,0,13,11,0.0108
medium_sparse,subsystem_summary,graph_1hop_sql,tiktoken:cl100k_base,1200,1739,400,31.024,8.808,643.265,1.097,705860,327787,438272,36.364,1.0,1.0,1.0,0.5385,1.0,0,13,11,0.0108
medium_sparse,subsystem_summary,graph_1hop_semantic_arrow,tiktoken:cl100k_base,1200,1739,274,25.715,8.808,643.265,1.097,705860,327787,438272,24.909,1.0,1.0,1.0,0.5385,1.0,0,13,11,0.0108
medium_sparse,subsystem_summary,graph_1hop_gg_max,tiktoken:cl100k_base,1200,1739,217,24.332,8.808,643.265,1.097,705860,327787,438272,19.727,1.0,1.0,1.0,0.5385,1.0,0,13,11,0.0108
medium_sparse,subsystem_summary,graph_1hop_gg_max_hybrid,tiktoken:cl100k_base,1200,1739,995,40.834,8.808,643.265,1.097,705860,327787,438272,90.455,1.0,1.0,1.0,0.5385,1.0,0,13,11,0.0108
medium_sparse,subsystem_summary,graph_2hop,tiktoken:cl100k_base,1200,1739,1073,24.228,8.808,643.265,1.097,705860,327787,438272,97.545,1.0,1.0,1.0,0.8125,1.0,0,32,33,0.0267
medium_sparse,subsystem_summary,graph_2hop_lowlevel,tiktoken:cl100k_base,1200,1739,757,22.217,8.808,643.265,1.097,705860,327787,438272,68.818,1.0,1.0,1.0,0.8125,1.0,0,32,33,0.0267
medium_sparse,subsystem_summary,graph_2hop_sql,tiktoken:cl100k_base,1200,1739,1039,36.715,8.808,643.265,1.097,705860,327787,438272,94.455,1.0,1.0,1.0,0.8125,1.0,0,32,33,0.0267
medium_sparse,subsystem_summary,graph_2hop_semantic_arrow,tiktoken:cl100k_base,1200,1739,750,22.51,8.808,643.265,1.097,705860,327787,438272,68.182,1.0,1.0,1.0,0.8125,1.0,0,32,33,0.0267
medium_sparse,subsystem_summary,graph_2hop_gg_max,tiktoken:cl100k_base,1200,1739,547,26.548,8.808,643.265,1.097,705860,327787,438272,49.727,1.0,1.0,1.0,0.8125,1.0,0,32,33,0.0267
medium_sparse,subsystem_summary,graph_2hop_gg_max_hybrid,tiktoken:cl100k_base,1200,1739,2471,22.87,8.808,643.265,1.097,705860,327787,438272,224.636,1.0,1.0,1.0,0.8125,1.0,0,32,33,0.0267
medium_sparse,subsystem_summary,graph_keyword_hybrid,tiktoken:cl100k_base,1200,1739,1866,41.006,8.808,643.265,1.097,705860,327787,438272,169.636,1.0,1.0,1.0,0.7391,1.0,0,23,19,0.0192
medium_sparse,subsystem_summary,hierarchical_summary,tiktoken:cl100k_base,1200,1739,116,35.724,8.808,643.265,1.097,705860,327787,438272,10.545,0.1667,0.0,1.0,0.8333,1.0,0,6,0,0.005
medium_sparse,negative_query,full_markdown,tiktoken:cl100k_base,1200,1739,109177,5.844,8.808,643.265,1.097,705860,327787,438272,54588.5,1.0,1.0,1.0,0.9983,1.0,0,1200,1739,1.0
medium_sparse,negative_query,keyword_markdown,tiktoken:cl100k_base,1200,1739,63,19.391,8.808,643.265,1.097,705860,327787,438272,31.5,1.0,1.0,1.0,0.0,1.0,0,2,0,0.0017
medium_sparse,negative_query,bm25_markdown,tiktoken:cl100k_base,1200,1739,63,24.127,8.808,643.265,1.097,705860,327787,438272,31.5,1.0,1.0,1.0,0.0,1.0,0,2,0,0.0017
medium_sparse,negative_query,graph_1hop,tiktoken:cl100k_base,1200,1739,163,27.096,8.808,643.265,1.097,705860,327787,438272,81.5,1.0,1.0,1.0,0.6667,1.0,0,6,4,0.005
medium_sparse,negative_query,graph_1hop_lowlevel,tiktoken:cl100k_base,1200,1739,147,26.923,8.808,643.265,1.097,705860,327787,438272,73.5,1.0,1.0,1.0,0.6667,1.0,0,6,4,0.005
medium_sparse,negative_query,graph_1hop_sql,tiktoken:cl100k_base,1200,1739,166,21.766,8.808,643.265,1.097,705860,327787,438272,83.0,1.0,1.0,1.0,0.6667,1.0,0,6,4,0.005
medium_sparse,negative_query,graph_1hop_semantic_arrow,tiktoken:cl100k_base,1200,1739,108,15.132,8.808,643.265,1.097,705860,327787,438272,54.0,1.0,1.0,1.0,0.6667,1.0,0,6,4,0.005
medium_sparse,negative_query,graph_1hop_gg_max,tiktoken:cl100k_base,1200,1739,102,11.746,8.808,643.265,1.097,705860,327787,438272,51.0,1.0,1.0,1.0,0.6667,1.0,0,6,4,0.005
medium_sparse,negative_query,graph_1hop_gg_max_hybrid,tiktoken:cl100k_base,1200,1739,436,18.75,8.808,643.265,1.097,705860,327787,438272,218.0,1.0,1.0,1.0,0.6667,1.0,0,6,4,0.005
medium_sparse,negative_query,graph_2hop,tiktoken:cl100k_base,1200,1739,503,25.096,8.808,643.265,1.097,705860,327787,438272,251.5,1.0,1.0,1.0,0.875,1.0,0,16,15,0.0133
medium_sparse,negative_query,graph_2hop_lowlevel,tiktoken:cl100k_base,1200,1739,376,26.28,8.808,643.265,1.097,705860,327787,438272,188.0,1.0,1.0,1.0,0.875,1.0,0,16,15,0.0133
medium_sparse,negative_query,graph_2hop_sql,tiktoken:cl100k_base,1200,1739,490,26.992,8.808,643.265,1.097,705860,327787,438272,245.0,1.0,1.0,1.0,0.875,1.0,0,16,15,0.0133
medium_sparse,negative_query,graph_2hop_semantic_arrow,tiktoken:cl100k_base,1200,1739,349,18.232,8.808,643.265,1.097,705860,327787,438272,174.5,1.0,1.0,1.0,0.875,1.0,0,16,15,0.0133
medium_sparse,negative_query,graph_2hop_gg_max,tiktoken:cl100k_base,1200,1739,268,39.14,8.808,643.265,1.097,705860,327787,438272,134.0,1.0,1.0,1.0,0.875,1.0,0,16,15,0.0133
medium_sparse,negative_query,graph_2hop_gg_max_hybrid,tiktoken:cl100k_base,1200,1739,1198,21.879,8.808,643.265,1.097,705860,327787,438272,599.0,1.0,1.0,1.0,0.875,1.0,0,16,15,0.0133
medium_sparse,negative_query,graph_keyword_hybrid,tiktoken:cl100k_base,1200,1739,442,32.218,8.808,643.265,1.097,705860,327787,438272,221.0,1.0,1.0,1.0,0.6667,1.0,0,6,4,0.005
medium_sparse,negative_query,hierarchical_summary,tiktoken:cl100k_base,1200,1739,58,21.77,8.808,643.265,1.097,705860,327787,438272,29.0,1.0,1.0,1.0,0.0,1.0,0,2,0,0.0017
